source_id,source_tier,source_type,title,publisher,author,publication_date,url,archived_url,local_path,content_sha256,accessed_date,issuer
CU-SRC-0001,PRIMARY,CIRCLE_LEGAL_DOC,Circle Privacy Policy,Circle Internet Financial,,2024-11-03,https://www.circle.com/legal/privacy-policy,https://web.archive.org/web/20241103171204/https://www.circle.com/legal/privacy-policy,sources/2024/CU-SRC-0001.html,369d7a9121c0d11b6f3b8fa7e0b929a42374263caa87de3230e68850d52fac29,2026-04-19,Circle
CU-SRC-0002,PRIMARY,CIRCLE_LEGAL_DOC,Circle Privacy Policy,Circle Internet Financial,,2024-11-12,https://www.circle.com/legal/privacy-policy,https://web.archive.org/web/20241112130057/https://www.circle.com/legal/privacy-policy,sources/2024/CU-SRC-0002.html,3650db633823005b3179fce1bd2fa4b49603f3888feb84c67928af43aacfd08b,2026-04-19,Circle
CU-SRC-0003,PRIMARY,CIRCLE_LEGAL_DOC,Circle Privacy Policy,Circle Internet Financial,,2024-11-18,https://www.circle.com/legal/privacy-policy,https://web.archive.org/web/20241118003502/https://www.circle.com/legal/privacy-policy,sources/2024/CU-SRC-0003.html,7d5b9326789c1ae8fb36f8febeb061c8529c1bdd390c97ac8e6c660d57ac506c,2026-04-19,Circle
CU-SRC-0004,PRIMARY,CIRCLE_LEGAL_DOC,Circle Privacy Policy,Circle Internet Financial,,2024-12-05,https://www.circle.com/legal/privacy-policy,https://web.archive.org/web/20241205035011/https://www.circle.com/legal/privacy-policy,sources/2024/CU-SRC-0004.html,95b206c819fed0214639b56471e181def0d24b74b720624b22c2917f68daf371,2026-04-19,Circle
CU-SRC-0005,PRIMARY,CIRCLE_LEGAL_DOC,Circle Privacy Policy,Circle Internet Financial,,2024-12-07,https://www.circle.com/legal/privacy-policy,https://web.archive.org/web/20241207231731/https://www.circle.com/legal/privacy-policy,sources/2024/CU-SRC-0005.html,5d43298bcd18753183830020cc16dc665aeb6cec16c75c554cce2c8179cb7b06,2026-04-19,Circle
CU-SRC-0006,PRIMARY,CIRCLE_LEGAL_DOC,Circle Privacy Policy,Circle Internet Financial,,2025-01-18,https://www.circle.com/legal/privacy-policy,https://web.archive.org/web/20250118234639/https://www.circle.com/legal/privacy-policy,sources/2025/CU-SRC-0006.html,f50b3789342974ebb33ef1aaeb73d31cea350a03176989007adae1b2dfe634af,2026-04-19,Circle
CU-SRC-0007,PRIMARY,CIRCLE_LEGAL_DOC,Circle Privacy Policy,Circle Internet Financial,,2025-01-19,https://www.circle.com/legal/privacy-policy,https://web.archive.org/web/20250119122648/https://www.circle.com/legal/privacy-policy,sources/2025/CU-SRC-0007.html,cc83db406cc0131973ea7f1cbbafc97976b321ce83d596a16c0a387d83bbacc5,2026-04-19,Circle
CU-SRC-0008,PRIMARY,CIRCLE_LEGAL_DOC,Circle Privacy Policy,Circle Internet Financial,,2025-01-30,https://www.circle.com/legal/privacy-policy,https://web.archive.org/web/20250130062014/https://www.circle.com/legal/privacy-policy,sources/2025/CU-SRC-0008.html,dd33bac45cf9a782cbe97af1b5d28a0e945314f61f4d98c4532ee76682809262,2026-04-19,Circle
CU-SRC-0009,PRIMARY,CIRCLE_LEGAL_DOC,Circle Privacy Policy,Circle Internet Financial,,2025-02-03,https://www.circle.com/legal/privacy-policy,https://web.archive.org/web/20250203172344/https://www.circle.com/legal/privacy-policy,sources/2025/CU-SRC-0009.html,b7b823a0855ad918c13bb533d7a398175a95e0d5e951930a2126227a16c2fe35,2026-04-19,Circle
CU-SRC-0010,PRIMARY,CIRCLE_LEGAL_DOC,Circle Privacy Policy,Circle Internet Financial,,2025-02-09,https://www.circle.com/legal/privacy-policy,https://web.archive.org/web/20250209142603/https://www.circle.com/legal/privacy-policy,sources/2025/CU-SRC-0010.html,12bcc1ecac8622cfb06b025010e4d5081276efe55fa4dcaaeca13998aecc723b,2026-04-19,Circle
CU-SRC-0011,PRIMARY,CIRCLE_LEGAL_DOC,Circle Privacy Policy,Circle Internet Financial,,2025-02-12,https://www.circle.com/legal/privacy-policy,https://web.archive.org/web/20250212062707/https://www.circle.com/legal/privacy-policy,sources/2025/CU-SRC-0011.html,1e7fd1b38a9a336ffb9311dac78d8380f12dc1828f09c66ec43be626e25dfdac,2026-04-19,Circle
CU-SRC-0012,PRIMARY,CIRCLE_LEGAL_DOC,Circle Privacy Policy,Circle Internet Financial,,2025-02-24,https://www.circle.com/legal/privacy-policy,https://web.archive.org/web/20250224094641/https://www.circle.com/legal/privacy-policy,sources/2025/CU-SRC-0012.html,f00644845cfa13f964c1a3af19c67032f9dda0bb16fe77ee3d6d054a716322f2,2026-04-19,Circle
CU-SRC-0013,PRIMARY,CIRCLE_LEGAL_DOC,Circle Privacy Policy,Circle Internet Financial,,2025-03-07,https://www.circle.com/legal/privacy-policy,https://web.archive.org/web/20250307182745/https://www.circle.com/legal/privacy-policy,sources/2025/CU-SRC-0013.html,0dd7725568dcff7d550393459a86b3409ac86effdc0584ab229c3d9eff6c19e1,2026-04-19,Circle
CU-SRC-0014,PRIMARY,CIRCLE_LEGAL_DOC,Circle Privacy Policy,Circle Internet Financial,,2025-03-16,https://www.circle.com/legal/privacy-policy,https://web.archive.org/web/20250316191642/https://www.circle.com/legal/privacy-policy,sources/2025/CU-SRC-0014.html,c007bd75e8445a2d8fc01aef0637c37db1120741e30e568ae0bc14c1400efced,2026-04-19,Circle
CU-SRC-0015,PRIMARY,CIRCLE_LEGAL_DOC,Circle Privacy Policy,Circle Internet Financial,,2025-03-19,https://www.circle.com/legal/privacy-policy,https://web.archive.org/web/20250319134303/https://www.circle.com/legal/privacy-policy,sources/2025/CU-SRC-0015.html,2b036e3e2146e787bd05fe68216e12d0b970b5185d03778471f8c018bea5cfb7,2026-04-19,Circle
CU-SRC-0016,PRIMARY,CIRCLE_LEGAL_DOC,Circle Privacy Policy,Circle Internet Financial,,2025-03-27,https://www.circle.com/legal/privacy-policy,https://web.archive.org/web/20250327135040/https://www.circle.com/legal/privacy-policy,sources/2025/CU-SRC-0016.html,25fbe1514a4a818e126234b690560282d9c11954c42c7702083816de774b382d,2026-04-19,Circle
CU-SRC-0017,PRIMARY,CIRCLE_LEGAL_DOC,Circle Privacy Policy,Circle Internet Financial,,2025-04-09,https://www.circle.com/legal/privacy-policy,https://web.archive.org/web/20250409112615/https://www.circle.com/legal/privacy-policy,sources/2025/CU-SRC-0017.html,058a0ce28d9f786f8a006fbf921a5f4edcbc447c86bcedfed283166544699ba2,2026-04-19,Circle
CU-SRC-0018,PRIMARY,CIRCLE_LEGAL_DOC,Circle Privacy Policy,Circle Internet Financial,,2025-06-05,https://www.circle.com/legal/privacy-policy,https://web.archive.org/web/20250605065454/https://www.circle.com/legal/privacy-policy,sources/2025/CU-SRC-0018.html,d5af55579af7281b8b7705f60b2c7e163991c232291b1256b38e8b031faaeda6,2026-04-19,Circle
CU-SRC-0019,PRIMARY,CIRCLE_LEGAL_DOC,Circle Privacy Policy,Circle Internet Financial,,2026-02-05,https://www.circle.com/legal/privacy-policy,https://web.archive.org/web/20260205112805/https://www.circle.com/legal/privacy-policy,sources/2026/CU-SRC-0019.html,bd576aedbafbe61161e37cbca0ebf7c73c22acf5bffc871c9c5a7de47061ded5,2026-04-19,Circle
CU-SRC-0020,PRIMARY,CIRCLE_LEGAL_DOC,Circle Privacy Policy,Circle Internet Financial,,2026-02-17,https://www.circle.com/legal/privacy-policy,https://web.archive.org/web/20260217165945/https://www.circle.com/legal/privacy-policy,sources/2026/CU-SRC-0020.html,a5e2edcdc5dafb86695aad77eb2510d6ec8e3e086038d6b9bea85b175932dd75,2026-04-19,Circle
CU-SRC-0021,PRIMARY,GOV_FILING,OFAC Specially Designated Nationals (SDN) Advanced XML — publication of 2026-04-17 (snapshot fetched 2026-04-19),US Treasury — Office of Foreign Assets Control,,2026-04-17,https://sanctionslistservice.ofac.treas.gov/api/PublicationPreview/exports/SDN_ADVANCED.XML,,data/raw/ofac_sdn/sdn_advanced_2026-04-19.xml,3a080ebf2afe5d329b61592c6199bdc19d184ec47bb3d68d25615406aff82739,2026-04-17,Circle
CU-SRC-0022,SECONDARY,NEWS_ARTICLE,Centre appears to have blacklisted an address holding USDC for the first time,Yahoo Finance (syndicating CoinDesk),,2020-07-08,https://finance.yahoo.com/news/centre-appears-blacklisted-address-holding-194053348.html,,sources/2020/CU-SRC-0022.md,23ad7cba8be44f53fcddefdb027a66800f0081457f93397aa2df7a32f0863807,2026-04-17,Circle
CU-SRC-0023,SECONDARY,NEWS_ARTICLE,Circle blacklists all Tornado Cash ETH addresses effectively freezing USDC,CryptoSlate (cross-verified by LRQA Cyber Labs),,2022-08-08,https://cryptoslate.com/circle-blacklists-all-tornado-cash-eth-addresses-effectively-freezing-usdc/,,sources/2022/CU-SRC-TC-0001.md,099145b0585275753b70e8c49f5c5c9c053d7d5b96d80bd2f49514e0a4ffad35,2026-04-17,Circle
CU-SRC-0024,SECONDARY,NEWS_ARTICLE,Circle 16-wallet USDC freeze (sealed civil case 26-cv-2327) — multi-outlet reporting,CoinDesk / FinanceFeeds / CCN / AMLBot / Bitcoin.com News (cross-verified summary),,2026-04-13,https://www.coindesk.com/business/2026/04/13/circle-ceo-says-he-won-t-freeze-usdc-without-a-court-order-even-as-hackers-walk-away-with-millions,,sources/2026/CU-SRC-0024.md,533cbcfad4af8bad6725cbd15b2d8e2d4f8ca9244a23d2ef5ad5b7357322acbf,2026-04-17,Circle
CU-SRC-0025,TERTIARY,FORUM_POST,r/Buttcoin: Circle Froze 16 Operational Business Wallets Yesterday. For A Civil Case Nobody Can Name.,Reddit (r/Buttcoin),,2026-03-24,https://www.reddit.com/r/Buttcoin/comments/1s2l5os/circle_froze_16_operational_business_wallets/,,sources/2026/CU-SRC-0025.md,e1b1284e208776bf084bf858e3641897c3db0c68edbd39d2aa4c8ae47f9929ee,2026-04-17,Circle
CU-SRC-0026,PRIMARY,GOV_FILING,Treasury Sanctions Facilitators of DPRK IT Worker Fraud Targeting U.S. Businesses (Press Release SB0416),U.S. Department of the Treasury — Office of Foreign Assets Control,,2026-03-12,https://home.treasury.gov/news/press-releases/sb0416,,sources/2026/CU-SRC-0026.md,14ab14396b4663ef8dfd548b77b06c06afd99bf76e99ae9b504b06c61c977a3f,2026-04-17,Circle
CU-SRC-0027,PRIMARY,GOV_FILING,Treasury Sanctions DPRK Bankers and Institutions Involved in Laundering Cybercrime Proceeds and IT Worker Funds (Press Release SB0302),U.S. Department of the Treasury — Office of Foreign Assets Control,,2025-11-04,https://home.treasury.gov/news/press-releases/sb0302,,sources/2025/CU-SRC-0027.md,a5dbae6664d30dda26764fb562673878971d97e50a09548e5be27ecbaf624ebf,2026-04-17,Circle
CU-SRC-0028,PRIMARY,GOV_FILING,Treasury OFAC: Tornado Cash Redesignation (2022-11-08) + Darknet Fentanyl Suppliers (2022-11-09) — Press Release JY1089,U.S. Department of the Treasury — Office of Foreign Assets Control,,2022-11-09,https://home.treasury.gov/news/press-releases/jy1089,,sources/2022/CU-SRC-0028.md,3383c9d39f07e4ac2fa7436f747c7b01b0584233e5c3d68d06f37d874233f522,2026-04-17,Circle
CU-SRC-0029,PRIMARY,GOV_FILING,Treasury Sanctions Cryptocurrency Exchange and Network Enabling Sanctions Evasion and Cyber Criminals (SB0225; Garantex/Grinex),U.S. Department of the Treasury — OFAC,,2025-08-14,https://home.treasury.gov/news/press-releases/sb0225,,sources/2025/CU-SRC-0029.md,afcff95998f4f11d1736127e385ece8cc8c32dd1d6f8263c37ae8e7521a9e849,2026-04-17,Circle
CU-SRC-0030,PRIMARY,GOV_FILING,Treasury Sanctions Houthi Network Procuring Weapons and Commodities from Russia (SB0068),U.S. Department of the Treasury — OFAC,,2025-04-02,https://home.treasury.gov/news/press-releases/sb0068,,sources/2025/CU-SRC-0030.md,98416b4e11193dd971376af872b69252351f6bee106085b9ebb39e7a3d7d0a9e,2026-04-17,Circle
CU-SRC-0031,PRIMARY,GOV_FILING,OFAC Sanctions Zedcex and Zedxion (first-ever IRGC-linked digital asset exchange designation) + Zanjani (SB0375),U.S. Department of the Treasury — OFAC,,2026-01-30,https://home.treasury.gov/news/press-releases/sb0375,,sources/2026/CU-SRC-0031.md,f77d20a5a0dc6e97f922a2af4036fd992a9e742dd15671aed9c386e5fdad1257,2026-04-17,Circle
CU-SRC-0032,PRIMARY,GOV_FILING,OFAC Designates Russia-based Bulletproof Hosting Providers (Media Land / Aeza / Hypercore) + Ryan James Wedding Trafficking Network,U.S. Department of the Treasury — OFAC; Federal Register 2025-20573,,2025-11-19,https://www.federalregister.gov/documents/2025/11/21/2025-20573/notice-of-ofac-sanctions-action,,sources/2025/CU-SRC-0032.md,a8f8098e5e5ceee54e1e52e8a2e9880fddfcaf3a26e18aca148235d2fea14244,2026-04-17,Circle
CU-SRC-0033,PRIMARY,GOV_FILING,Treasury Maintains Pressure on Houthi Procurement and Financing Schemes (JY2757) — Sa'id al-Jamal network expansion with 5 crypto addresses,U.S. Department of the Treasury — OFAC,,2024-12-19,https://home.treasury.gov/news/press-releases/jy2757,,sources/2024/CU-SRC-0033.md,6a65ce49029a8b506bd0092ea683c94c6b856025c477db70d48166cf4fcd76c0,2026-04-17,Circle
CU-SRC-0034,PRIMARY,GOV_FILING,U.S. and U.K. Take Largest Action Ever Targeting Cybercriminal Networks in Southeast Asia (SB0278) + DOJ Chen Zhi Indictment,U.S. Department of the Treasury — OFAC; DOJ; UK FCDO,,2025-10-14,https://home.treasury.gov/news/press-releases/sb0278,,sources/2025/CU-SRC-0034.md,70d4e0cda037112758e266eb0cdd3c7061a0530b6751e989905beadaa4a82d6c,2026-04-20,Circle
CU-SRC-0035,PRIMARY,GOV_FILING,"Treasury Targets Financial Network Supporting Iran's Military (SB0248; Derakhshan, Alivand, Iranian Shadow Banking Network)",U.S. Department of the Treasury — OFAC,,2025-09-16,https://home.treasury.gov/news/press-releases/sb0248,,sources/2025/CU-SRC-0035.md,9abb8e2935bcf48fb8de196fe3203562851780c398184bec54f1e32f5cce107a,2026-04-20,Circle
CU-SRC-0036,PRIMARY,GOV_FILING,Treasury Sanctions Hamas-Aligned Terrorist Fundraising Network (Gaza Now; JY2213; first joint OFAC+OFSI crypto designation),U.S. Department of the Treasury — OFAC (joint with UK OFSI),,2024-03-27,https://home.treasury.gov/news/press-releases/jy2213,,sources/2024/CU-SRC-0036.md,bd38a8e251279f04ebf4e7efed2bdebcb0ac60521d772e80d6bd9bf2c0491c81,2026-04-20,Circle
CU-SRC-0037,PRIMARY,GOV_FILING,US/UK/Australia Joint Sanctions on Zservers BPH for Enabling LockBit Ransomware (SB0018); Circle follow-up Feb 24 2025,"U.S. Department of the Treasury — OFAC (coordinated with UK FCDO, Australia DFAT)",,2025-02-11,https://home.treasury.gov/news/press-releases/sb0018,,sources/2025/CU-SRC-0037.md,87f4d792c9f25e12495d45436b033e9b7e6e88e29f1334dc0e6e8f87bd7f5a30,2026-04-20,Circle
CU-SRC-0038,PRIMARY,GOV_FILING,Treasury Lifts Sanctions on Tornado Cash (Delisting; SB0057) following Fifth Circuit Van Loon v. Treasury ruling,U.S. Department of the Treasury — OFAC,,2025-03-21,https://home.treasury.gov/news/press-releases/sb0057,,sources/2025/CU-SRC-0038.md,717df7f4dbd6fcb3e10540f2356055d78db7b5e8f9543750581b7eef8a2151a6,2026-04-20,Circle
CU-SRC-0039,TERTIARY,SOCIAL_MEDIA,ZachXBT — Welcome to the Circle USDC files,ZachXBT (@zachxbt) via X,ZachXBT,2026-04-03,https://x.com/zachxbt/status/2040055823804793165,,sources/2026/CU-SRC-ZACHXBT-0001.md,745dade38aca46c1c38dc3325473de4cd62b91cb215b5eeb89e001ab3a06ed94,2026-04-20,Circle
CU-SRC-0040,SECONDARY,RESEARCH_REPORT,USDC Banned Addresses on Ethereum (TheBlock dashboard time series),The Block,,2026-04-23,https://www.theblock.co/data/stablecoins/usd-pegged/usdc-banned-addresses-on-ethereum,,sources/2026/CU-SRC-0040.json,cffd26fa4aa292431a32596f6889cd1b8cbfa340a8d4c44073bc63ea7ed9e021,2026-04-23,Circle
CU-SRC-0041,PRIMARY,GOV_FILING,OFAC Specially Designated Nationals (SDN) Advanced XML — publication of 2026-08-20,US Treasury — Office of Foreign Assets Control,,2026-08-20,https://sanctionslistservice.ofac.treas.gov/api/PublicationPreview/exports/SDN_ADVANCED.XML,,data/raw/ofac_sdn/sdn_advanced_2026-08-20.xml,458e792207c48a21dfca0bcce8a5af19bd780e3a99e7c378793ca15cffd145de,2026-08-21,Circle
CU-SRC-0042,PRIMARY,GOV_FILING,OFAC Recent Actions 2026-07-01: Counter Narcotics Designations; Counter Terrorism Designations and Designation Update,US Treasury — Office of Foreign Assets Control,,2026-07-01,https://ofac.treasury.gov/recent-actions/20260701,https://web.archive.org/web/20260821195951/https://ofac.treasury.gov/recent-actions/20260701,sources/2026/CU-SRC-0042.html,3e7338bff7a6fdafc6e9aa48b710ffd79cf7e21b0fb19ce005709dd8f3cd2aa5,2026-08-21,Circle
CU-SRC-0043,SECONDARY,RESEARCH_REPORT,OFAC Updates ISIS-Khorasan Sanctions with Over 100 Cryptocurrency Wallets,Chainalysis,,2026-07-01,https://www.chainalysis.com/blog/isis-designation-crypto-addresses-july-2026/,https://web.archive.org/web/20260821200016/https://www.chainalysis.com/blog/isis-designation-crypto-addresses-july-2026/,sources/2026/CU-SRC-0043.html,241d5bb585f42899e346c9100f141f984c253bdd8e13454a99c3adff1f6f7803,2026-08-21,Circle
CU-SRC-0044,SECONDARY,RESEARCH_REPORT,OFAC Sanctions 134 ISKP Cryptocurrency Addresses Tied to USD 2 Million in Terrorist Financing,TRM Labs,,2026-07-01,https://www.trmlabs.com/resources/blog/ofac-sanctions-134-iskp-cryptocurrency-addresses-tied-to-usd-2-million-in-terrorist-financing,https://web.archive.org/web/20260821200457/https://www.trmlabs.com/resources/blog/ofac-sanctions-134-iskp-cryptocurrency-addresses-tied-to-usd-2-million-in-terrorist-financing,sources/2026/CU-SRC-0044.html,b1a548ed89135e00c05226484746e80343172893fdac56ec33ed1cccb1a39113,2026-08-21,Circle
CU-SRC-0045,PRIMARY,GOV_FILING,OFAC Recent Actions 2026-05-20: Counter Narcotics and Counter Terrorism Designations,US Treasury — Office of Foreign Assets Control,,2026-05-20,https://ofac.treasury.gov/recent-actions/20260520,https://web.archive.org/web/20260821200746/https://ofac.treasury.gov/recent-actions/20260520,sources/2026/CU-SRC-0045.html,7d402821541fb445ef696d79259dccb72fe5ef3222bee06c67923292f52b7ddc,2026-08-21,Circle
CU-SRC-0046,PRIMARY,GOV_FILING,Treasury Disrupts Sinaloa Cartel Narco-Terrorist Fentanyl Trafficking Operations,US Department of the Treasury,,2026-05-20,https://home.treasury.gov/news/press-releases/sb0503,https://web.archive.org/web/20260821200646/https://home.treasury.gov/news/press-releases/sb0503,sources/2026/CU-SRC-0046.html,6f3ff2fb58c2617f30394f6ce58b6e66cabaedcd64f02b7890ef44b3bcb166b5,2026-08-21,Circle
CU-SRC-0047,PRIMARY,GOV_FILING,OFAC Recent Actions 2026-07-13: Cyber-related Designations; Cuba Designations; Issuance of Cuba-related General Licenses,US Treasury — Office of Foreign Assets Control,,2026-07-13,https://ofac.treasury.gov/recent-actions/20260713,https://web.archive.org/web/20260821200807/https://ofac.treasury.gov/recent-actions/20260713,sources/2026/CU-SRC-0047.html,8164473b0c164bda73fa904716332d1ec1342ba885a5d2474d5c737b6af52895,2026-08-21,Circle
CU-SRC-0048,PRIMARY,GOV_FILING,Treasury Sanctions Malware and Infrastructure Providers Supporting Ransomware Attacks Against Americans,US Department of the Treasury,,2026-07-13,https://home.treasury.gov/news/press-releases/sb0559,https://web.archive.org/web/20260821200707/https://home.treasury.gov/news/press-releases/sb0559,sources/2026/CU-SRC-0048.html,284eff3f42497c446dcf50bbb9afde7c86bdbfda4d00f5437b503f76259bdb05,2026-08-21,Circle
CU-SRC-0049,PRIMARY,GOV_FILING,OFAC Recent Actions 2026-08-07: Counter Terrorism and Iran-related Designations; Counter Narcotics Designations; Deletions,US Treasury — Office of Foreign Assets Control,,2026-08-07,https://ofac.treasury.gov/recent-actions/20260807,https://web.archive.org/web/20260821200826/https://ofac.treasury.gov/recent-actions/20260807,sources/2026/CU-SRC-0049.html,ed042534f1e6986645cc1d28f03c1405dc4af638c29738ace80300d2848f30f7,2026-08-21,Circle
CU-SRC-0050,PRIMARY,GOV_FILING,Treasury Sanctions Crypto Exchanges Funding Iran's IRGC and Enabling Illicit Finance,US Department of the Treasury,,2026-08-07,https://home.treasury.gov/news/press-releases/sb0598,https://web.archive.org/web/20260821200725/https://home.treasury.gov/news/press-releases/sb0598,sources/2026/CU-SRC-0050.html,e956115260a9117f2717d7b7111a75bf912ddbcdd1b4339a3ee05ab2cf4a83b0,2026-08-21,Circle
CU-SRC-0051,PRIMARY,GOV_FILING,OFAC Recent Actions 2026-06-22: Counter Terrorism Designations,US Treasury — Office of Foreign Assets Control,,2026-06-22,https://ofac.treasury.gov/recent-actions/20260622,http://web.archive.org/web/20260821201532/https://ofac.treasury.gov/recent-actions/20260622,sources/2026/CU-SRC-0051.html,cdc710b217ee5796aa34d9f44a6751837bbf366c6f73a0623d854c144f7d04c9,2026-08-21,Circle
CU-SRC-0052,PRIMARY,GOV_FILING,Treasury Targets ISIS Facilitators and Disrupts Terrorist Financial Networks,US Department of the Treasury,,2026-06-22,https://home.treasury.gov/news/press-releases/sb0537,http://web.archive.org/web/20260821201612/https://home.treasury.gov/news/press-releases/sb0537,sources/2026/CU-SRC-0052.html,4b96292782e000e6b3f512b2d08faff790e57b409d8fce4c4373110748a90372,2026-08-21,Circle
CU-SRC-0053,PRIMARY,GOV_FILING,OFAC Recent Actions 2026-07-23: Counter Terrorism Designations; Counter Narcotics Designations; Deletions,US Treasury — Office of Foreign Assets Control,,2026-07-23,https://ofac.treasury.gov/recent-actions/20260723,http://web.archive.org/web/20260730031608/https://ofac.treasury.gov/recent-actions/20260723,sources/2026/CU-SRC-0053.html,2a04d3c5ddf8b9bbeb0036a39cf00efb242dbda0dee2f02962a7cc587abcc95a,2026-08-21,Circle
CU-SRC-0054,PRIMARY,GOV_FILING,Treasury Disrupts Muslim Brotherhood and Hamas Financial Networks,US Department of the Treasury,,2026-07-23,https://home.treasury.gov/news/press-releases/sb0572,http://web.archive.org/web/20260730113332/https://home.treasury.gov/news/press-releases/sb0572,sources/2026/CU-SRC-0054.html,fafe1075a59d96fa710e22d0fb8d33595ad4f49d17486745afe3232d673a9292,2026-08-21,Circle
CU-SRC-0055,PRIMARY,GOV_FILING,OFAC Recent Actions 2026-04-24: Iran-related Designations; Counter Terrorism and Iran-related Designation Update; Issuance of Iran-related General License,US Treasury — Office of Foreign Assets Control,,2026-04-24,https://ofac.treasury.gov/recent-actions/20260424,http://web.archive.org/web/20260716031147/https://ofac.treasury.gov/recent-actions/20260424,sources/2026/CU-SRC-0055.html,08db9381c768de1b93d9584f22e8c60d760d374ad353ce7a97868c33a045f416,2026-08-21,Circle
CU-SRC-0056,PRIMARY,GOV_FILING,OFAC Recent Actions 2026-07-14: Iran-related Designations; Iran-related and Counter Terrorism Designation Update; Issuance of Iran-related General License,US Treasury — Office of Foreign Assets Control,,2026-07-14,https://ofac.treasury.gov/recent-actions/20260714,http://web.archive.org/web/20260821201720/https://ofac.treasury.gov/recent-actions/20260714,sources/2026/CU-SRC-0056.html,304f9e69409dc7d5a42f82db39a88303a2ed128b7764c23b1e4e442a03a34665,2026-08-21,Circle
CU-SRC-0057,PRIMARY,GOV_FILING,"UK Financial Sanctions Notice — Russia, 26 May 2026 (designation of EXMO EXCHANGE LIMITED, RUS3602, with 3 crypto wallet addresses)","UK Foreign, Commonwealth & Development Office (FCDO) / Office of Financial Sanctions Implementation (OFSI)",,2026-05-26,https://assets.publishing.service.gov.uk/media/6a1578669819be865f421cf1/Sanctions_Notice_Russia_26_May_2026.pdf,http://web.archive.org/web/20260602182022/https://assets.publishing.service.gov.uk/media/6a1578669819be865f421cf1/Sanctions_Notice_Russia_26_May_2026.pdf,sources/2026/CU-SRC-0057.pdf,e60106df30cb9f6ed5104edaafafb3abfc8935b231b58f30cf5f2f76139c9b03,2026-08-21,Circle
CU-SRC-0058,PRIMARY,GOV_FILING,"UK Financial Sanctions Notice — Global Human Rights, 26 March 2026 (designation of XINBI COMPANY LIMITED, GHR0190, with 2 Tron crypto addresses)","UK Foreign, Commonwealth & Development Office (FCDO) / Office of Financial Sanctions Implementation (OFSI)",,2026-03-26,https://assets.publishing.service.gov.uk/media/69c4ff3193cc6e8b87a6f6ee/Sanctions_Notice__Global_Human_Rights__26_March_2026.pdf,https://web.archive.org/web/20260512065930/https://assets.publishing.service.gov.uk/media/69c4ff3193cc6e8b87a6f6ee/Sanctions_Notice__Global_Human_Rights__26_March_2026.pdf,sources/2026/CU-SRC-0058.pdf,519edefe72df07b634eae3fe40dd7799234efc6d8b07d33a30fc5138f981d39a,2026-08-21,Circle
CU-SRC-0059,PRIMARY,COURT_DOCKET,"Benson v. Islamic Republic of Iran, No. 1:26-cv-02327 (S.D.N.Y.) — Order of Attachment and Order Authorizing Alternative Service (ECF 22, filed under seal 2026-03-22; Preska, J.)",CourtListener / RECAP (Free Law Project),,2026-03-22,https://storage.courtlistener.com/recap/gov.uscourts.nysd.660304/gov.uscourts.nysd.660304.22.0.pdf,http://web.archive.org/web/20260821201149/https://storage.courtlistener.com/recap/gov.uscourts.nysd.660304/gov.uscourts.nysd.660304.22.0.pdf,sources/2026/CU-SRC-0059.pdf,56b525ea03368a9d55eeff15fbaf791fe86b1c610b804d4a1cb53f88a73dcf85,2026-08-21,Circle
CU-SRC-0060,PRIMARY,COURT_DOCKET,"Benson v. Islamic Republic of Iran, No. 1:26-cv-02327 (S.D.N.Y.) — Amended Order of Attachment and Order Authorizing Alternative Service (ECF 35, 2026-04-28; Preska, J.)",CourtListener / RECAP (Free Law Project),,2026-04-28,https://storage.courtlistener.com/recap/gov.uscourts.nysd.660304/gov.uscourts.nysd.660304.35.0.pdf,http://web.archive.org/web/20260821201143/https://storage.courtlistener.com/recap/gov.uscourts.nysd.660304/gov.uscourts.nysd.660304.35.0.pdf,sources/2026/CU-SRC-0060.pdf,e536d4ea84bb58193d1698be7c0a028b27eb0934bc2601dba200024f79a93fb5,2026-08-21,Circle
CU-SRC-0061,PRIMARY,COURT_DOCKET,"Benson v. Islamic Republic of Iran, No. 1:26-cv-02327 (S.D.N.Y.) — Plaintiffs' Status Report (ECF 61, 2026-06-10)",CourtListener / RECAP (Free Law Project),,2026-06-10,https://storage.courtlistener.com/recap/gov.uscourts.nysd.660304/gov.uscourts.nysd.660304.61.0.pdf,http://web.archive.org/web/20260821201137/https://storage.courtlistener.com/recap/gov.uscourts.nysd.660304/gov.uscourts.nysd.660304.61.0.pdf,sources/2026/CU-SRC-0061.pdf,5da55d17ad15eedec29013ca95a873d00ab4389961f3052947ca3bd610552b50,2026-08-21,Circle
CU-SRC-0062,PRIMARY,COURT_DOCKET,"Benson v. Islamic Republic of Iran, No. 1:26-cv-02327 (S.D.N.Y.) — docket (CourtListener)",CourtListener / RECAP (Free Law Project),,2026-08-21,https://www.courtlistener.com/docket/73390202/benson-v-islamic-republic-of-iran/,,sources/2026/CU-SRC-0062.html,c71e25a59068713759196bc9f77a8b9972f81ba2f30c4836a46e45b69788386e,2026-08-21,Circle
CU-SRC-0063,SECONDARY,COURT_DOCKET,"Notice website for the Order of Attachment in No. 26-cv-2327 (S.D.N.Y.), maintained by plaintiffs' counsel per ¶2(a) of the Order",Willkie Farr & Gallagher LLP (plaintiffs' counsel),,2026-03-23,https://order26cv2327.com/,http://web.archive.org/web/20260821200905/https://order26cv2327.com/,sources/2026/CU-SRC-0063.html,c16a0609eb15202275735509dce29a9eebf79baa5d507a4f110c5171fa931fc6,2026-08-21,Circle
CU-SRC-0064,PRIMARY,COURT_DOCKET,"McCollum v. Circle Internet Group, Inc. et al., No. 1:26-cv-11733 (D. Mass.) — Class Action Complaint (ECF 1, filed 2026-04-14; Gibbs Mura LLP; Bailey & Glasser LLP)",CourtListener / RECAP (Free Law Project),,2026-04-14,https://storage.courtlistener.com/recap/gov.uscourts.mad.299014/gov.uscourts.mad.299014.1.0.pdf,https://web.archive.org/web/20260821201440/https://storage.courtlistener.com/recap/gov.uscourts.mad.299014/gov.uscourts.mad.299014.1.0.pdf,sources/2026/CU-SRC-0064.pdf,7eadb1d07132124d2075edb1b6caeb21f41a2c9a301d7df47e7d4d7585e2d2dd,2026-08-21,Circle
CU-SRC-0065,PRIMARY,GOV_FILING,OFAC Recent Actions 2022-09-15: Russia-related Designations (Task Force Rusich et al.),US Treasury — Office of Foreign Assets Control,,2022-09-15,https://ofac.treasury.gov/recent-actions/20220915,http://web.archive.org/web/20260821203241/https://ofac.treasury.gov/recent-actions/20220915,sources/2026/CU-SRC-0065.html,7a9e79b7d5a5c2f3f206687d350325881ce8bda6b49202b5fa7e5bd4c3e884e1,2026-08-21,Circle
CU-SRC-0066,PRIMARY,GOV_FILING,OFAC Recent Actions 2023-07-31: Counter Terrorism Designations and Designation Update; Balkans-related Designations,US Treasury — Office of Foreign Assets Control,,2023-07-31,https://ofac.treasury.gov/recent-actions/20230731,http://web.archive.org/web/20260821203318/https://ofac.treasury.gov/recent-actions/20230731,sources/2026/CU-SRC-0066.html,89cee656af44e67b2cdeb3000db4e68261917ba342ea73c193c57cec936afbd5,2026-08-21,Circle
CU-SRC-0067,PRIMARY,GOV_FILING,OFAC Recent Actions 2023-10-03: Counter Narcotics Designations (China-based fentanyl precursor network),US Treasury — Office of Foreign Assets Control,,2023-10-03,https://ofac.treasury.gov/recent-actions/20231003,http://web.archive.org/web/20260821203358/https://ofac.treasury.gov/recent-actions/20231003,sources/2026/CU-SRC-0067.html,93837fbb75a3d504b185966e40e997359dba5f8ffc81ad4abd488de95c41c60a,2026-08-21,Circle
CU-SRC-0068,PRIMARY,GOV_FILING,OFAC Recent Actions 2024-03-20: Iran-related Designations; Non-Proliferation Designations; Russia-related Designations,US Treasury — Office of Foreign Assets Control,,2024-03-20,https://ofac.treasury.gov/recent-actions/20240320,http://web.archive.org/web/20260821203440/https://ofac.treasury.gov/recent-actions/20240320,sources/2026/CU-SRC-0068.html,a428b21cadd725b7e9427d3cf77d074b1ffc744b140326d2258a566f17579162,2026-08-21,Circle
CU-SRC-0069,PRIMARY,GOV_FILING,OFAC Recent Actions 2024-05-01: Russia-related Designations; Non-Proliferation Designations; Issuance of Russia-related General Licenses,US Treasury — Office of Foreign Assets Control,,2024-05-01,https://ofac.treasury.gov/recent-actions/20240501,http://web.archive.org/web/20260821203521/https://ofac.treasury.gov/recent-actions/20240501,sources/2026/CU-SRC-0069.html,f55d07099f1f4d5ed48860fca9daca4178b162849ad1fb49726223c2c9645c8b,2026-08-21,Circle
CU-SRC-0070,PRIMARY,GOV_FILING,OFAC Recent Actions 2024-05-28: Cyber-related Designations and Designation Update (911 S5 botnet),US Treasury — Office of Foreign Assets Control,,2024-05-28,https://ofac.treasury.gov/recent-actions/20240528_33,http://web.archive.org/web/20260821203602/https://ofac.treasury.gov/recent-actions/20240528_33,sources/2026/CU-SRC-0070.html,5d3cbfb0cf249f357b0f80e2ce71fb0eac752f2e01d23b6db9b14e81d543bfab,2026-08-21,Circle
CU-SRC-0071,PRIMARY,GOV_FILING,OFAC Recent Actions 2024-08-23: Russia-related Designations and Designations Updates; Issuance of Russia-related General Licenses,US Treasury — Office of Foreign Assets Control,,2024-08-23,https://ofac.treasury.gov/recent-actions/20240823,https://web.archive.org/web/20260821203640/https://ofac.treasury.gov/recent-actions/20240823,sources/2026/CU-SRC-0071.html,e42f1b5340ed88fcbd5f0dd557ef70008e0479a54c40bc7a0ebb88b7c687136f,2026-08-21,Circle
CU-SRC-0072,PRIMARY,GOV_FILING,"OFAC Recent Actions 2024-09-26: Russia-related Designations; Cyber-related Designation (Cryptex, PM2BTC)",US Treasury — Office of Foreign Assets Control,,2024-09-26,https://ofac.treasury.gov/recent-actions/20240926,http://web.archive.org/web/20260821203725/https://ofac.treasury.gov/recent-actions/20240926,sources/2026/CU-SRC-0072.html,a8538007d8d7da9243f55e59d27ecbd9024b9ce644297766ac9f585f628e09c3,2026-08-21,Circle
CU-SRC-0073,PRIMARY,GOV_FILING,OFAC Recent Actions 2024-12-04: Russia-related Designations (TGR Group network),US Treasury — Office of Foreign Assets Control,,2024-12-04,https://ofac.treasury.gov/recent-actions/20241204,http://web.archive.org/web/20260821203811/https://ofac.treasury.gov/recent-actions/20241204,sources/2026/CU-SRC-0073.html,666f391098d4665758ee1bcd4480ca3503db509f719af9de73a54577ad8f210f,2026-08-21,Circle
CU-SRC-0074,PRIMARY,GOV_FILING,OFAC Recent Actions 2025-05-29: Cyber-related Designations (Funnull Technology),US Treasury — Office of Foreign Assets Control,,2025-05-29,https://ofac.treasury.gov/recent-actions/20250529,http://web.archive.org/web/20260821203846/https://ofac.treasury.gov/recent-actions/20250529,sources/2026/CU-SRC-0074.html,c87a2afb7816ee191e00566d3ef663b3d141602ee2e5ba8d5141a8e71cdec029,2026-08-21,Circle
CU-SRC-0075,PRIMARY,GOV_FILING,OFAC Recent Actions 2025-07-01: Cyber-related Designations; CAATSA - Russia-related Designations; Russia-related Designation Update and Removal (Aeza Group),US Treasury — Office of Foreign Assets Control,,2025-07-01,https://ofac.treasury.gov/recent-actions/20250701,http://web.archive.org/web/20260821203920/https://ofac.treasury.gov/recent-actions/20250701,sources/2026/CU-SRC-0075.html,b0248b19c1cd55f4c8a2998ae2f00dbe106e6f025c9ea2f78082d9ad03596aa8,2026-08-21,Circle
CU-SRC-0076,PRIMARY,GOV_FILING,OFAC Recent Actions 2025-09-24: Counter Narcotics Designations; Publication of Amendments to the Syria-Related Sanctions Regulations,US Treasury — Office of Foreign Assets Control,,2025-09-24,https://ofac.treasury.gov/recent-actions/20250924,https://web.archive.org/web/20260821204005/https://ofac.treasury.gov/recent-actions/20250924,sources/2026/CU-SRC-0076.html,ac4ab8c3730f2a0f2a4233035efd87aa277b3261d0a34d57059df3ac93c532fb,2026-08-21,Circle
CU-SRC-0077,PRIMARY,COURT_DOCKET,"Newton AC/DC Fund, L.P. v. Ermilov, No. 5:26-cv-05055 (N.D. Cal.) — docket (CourtListener): ECF 6 text-only TRO (2026-05-29) directing Circle to block USDC at 0xe978F221…; ECF 12 (2026-06-01) lifting it",CourtListener / RECAP (Free Law Project),,2026-06-01,https://www.courtlistener.com/docket/73408471/newton-acdc-fund-lp-v-ermilov/,,sources/2026/CU-SRC-0077.html,4871926addc8c72b376a6dd0a0e5748d318a777b61ebc856c50a200ffd2fd74a,2026-08-21,Circle
CU-SRC-0078,PRIMARY,COURT_DOCKET,"Newton AC/DC Fund, L.P. v. Ermilov, No. 5:26-cv-05055 (N.D. Cal.) — Complaint (ECF 1, 2026-05-28)",CourtListener / RECAP (Free Law Project),,2026-05-28,https://storage.courtlistener.com/recap/gov.uscourts.cand.470978/gov.uscourts.cand.470978.1.0.pdf,http://web.archive.org/web/20260821204446/https://storage.courtlistener.com/recap/gov.uscourts.cand.470978/gov.uscourts.cand.470978.1.0.pdf,sources/2026/CU-SRC-0078.pdf,b3ccf1b54413239b111d8e38a3d04ae7196a57e2f94fef277a710ffb5f580649,2026-08-21,Circle
CU-SRC-0079,SECONDARY,NEWS_ARTICLE,Court-ordered Circle freeze traps $12.6 million in Zama cUSDC contract amid Overnight Finance suit,The Block,Zack Abrams,2026-05-30,https://www.theblock.co/post/403091/court-ordered-circle-freeze-traps-12-6-million-in-zama-cusdc-contract-amid-overnight-finance-suit,http://web.archive.org/web/20260821204454/https://www.theblock.co/post/403091/court-ordered-circle-freeze-traps-12-6-million-in-zama-cusdc-contract-amid-overnight-finance-suit,sources/2026/CU-SRC-0079.html,e3c02dc66c3ce9af76e0c06bd6002f4d5cd11d783f7b1eeb2e1f6fb1210ca6c9,2026-08-21,Circle
CU-SRC-0080,SECONDARY,NEWS_ARTICLE,US Court Lifts Circle Freeze on Zama's $12.5M cUSDC Contract After Three-Day Lockout,The Defiant,,2026-06-01,https://thedefiant.io/news/defi/us-court-lifts-circle-freeze-zama-cusdc-three-day-lockout,,sources/2026/CU-SRC-0080.html,1946457b188118e549692d504242b645af007010b36f1fe92071360c7cd989b2,2026-08-21,Circle
