action_id,action_date,mechanism_type,target_identifier,chain,block_number,ofac_party_name,ofac_party_ref,ofac_symbol
CU-ACT-0002,2021-04-21,BLACKLIST,0x7f367cc41522ce07553e823bf3be79a889debe1b,ethereum,12285873,Potekhin,29584,Digital Currency Address - ETH
CU-ACT-0003,2021-04-21,BLACKLIST,0x1da5821544e25c636c1417ba96ade4cf6d2f9b5a,ethereum,12285873,Secondeye Solution,30518,Digital Currency Address - ETH
CU-ACT-0004,2021-04-21,BLACKLIST,0x7f19720a857f834887fc9a7bc0a0fbe7fc7f8102,ethereum,12285943,Secondeye Solution,30518,Digital Currency Address - ETH
CU-ACT-0005,2021-04-21,BLACKLIST,0xd882cfc20f52f2599d84b8e8d58c7fb62cfe344b,ethereum,12285943,KARASAVIDI,29585,Digital Currency Address - ETH
CU-ACT-0006,2021-04-21,BLACKLIST,0x72a5843cc08275c8171e582972aa4fda8c397b2a,ethereum,12285943,Secondeye Solution,30518,Digital Currency Address - ETH
CU-ACT-0007,2021-04-21,BLACKLIST,0x7db418b5d567a4e0e8c59ad71be1fce48f3e6107,ethereum,12285943,Secondeye Solution,30518,Digital Currency Address - ETH
CU-ACT-0008,2021-04-21,BLACKLIST,0x9f4cda013e354b8fc285bf4b9a60460cee7f7ea9,ethereum,12286225,SOUTHFRONT,31212,Digital Currency Address - ETH
CU-ACT-0009,2021-09-23,BLACKLIST,0x308ed4b7b49797e1a98d3818bff6fe5385410370,ethereum,13279129,"SUEX OTC, S.R.O.",33151,Digital Currency Address - ETH
CU-ACT-0010,2021-09-23,BLACKLIST,0xe7aa314c77f4233c18c6cc84384a9247c0cf367b,ethereum,13279129,"SUEX OTC, S.R.O.",33151,Digital Currency Address - ETH
CU-ACT-0011,2021-09-23,BLACKLIST,0x2f389ce8bd8ff92de3402ffce4691d17fc4f6535,ethereum,13279135,"SUEX OTC, S.R.O.",33151,Digital Currency Address - ETH
CU-ACT-0012,2021-09-23,BLACKLIST,0x19aa5fe80d33a56d56c78e82ea5e50e5d80b4dff,ethereum,13279135,"SUEX OTC, S.R.O.",33151,Digital Currency Address - ETH
CU-ACT-0013,2021-11-09,BLACKLIST,0x67d40ee1a85bf4a4bb7ffae16de985e8427b6b45,ethereum,13583147,CHATEX,33854,Digital Currency Address - ETH
CU-ACT-0014,2021-11-09,BLACKLIST,0xa7e5d5a720f06526557c513402f2e6b5fa20b008,ethereum,13583147,Lifshits,29702,Digital Currency Address - ETH
CU-ACT-0016,2021-11-09,BLACKLIST,0x3cbded43efdaf0fc77b9c55f6fc9988fcc9b757d,ethereum,13583147,SOUTHFRONT,31212,Digital Currency Address - ETH
CU-ACT-0017,2021-11-09,BLACKLIST,0x6f1ca141a28907f78ebaa64fb83a9088b02a8352,ethereum,13583147,CHATEX,33854,Digital Currency Address - ETH
CU-ACT-0018,2021-11-09,BLACKLIST,0xc455f7fd3e0e12afd51fba5c106909934d8a0e4a,ethereum,13583147,CHATEX,33854,Digital Currency Address - ETH
CU-ACT-0019,2021-11-09,BLACKLIST,0x48549a34ae37b12f6a30566245176994e17c6b4a,ethereum,13583147,CHATEX,33854,Digital Currency Address - ETH
CU-ACT-0020,2021-11-09,BLACKLIST,0x5512d943ed1f7c8a43f3435c85f7ab68b30121b0,ethereum,13583147,CHATEX,33854,Digital Currency Address - ETH
CU-ACT-0028,2022-03-29,BLACKLIST,0xfec8a60023265364d066a1212fde3930f6ae8da7,ethereum,14481178,Polyanin,33858,Digital Currency Address - USDT
CU-ACT-0029,2022-03-29,BLACKLIST,0x8576acc5c05d6ce88f4e49bf65bdf0c62f91353c,ethereum,14481178,Andreyev,29703,Digital Currency Address - ETH
CU-ACT-0030,2022-03-29,BLACKLIST,0x901bb9583b24d97e995513c6778dc6888ab6870e,ethereum,14481178,Lifshits,29702,Digital Currency Address - ETH
CU-ACT-0031,2022-04-06,BLACKLIST,0x7ff9cfad3877f21d41da833e2f775db0569ee3d9,ethereum,14534925,GARANTEX EUROPE OU,36025,Digital Currency Address - ETH
CU-ACT-0032,2022-04-14,BLACKLIST,0x098b716b8aaf21512996dc57eb0615e2383e2f96,ethereum,14585983,Lazarus Group,27307,Digital Currency Address - ETH
CU-ACT-0033,2022-04-23,BLACKLIST,0xa0e1c89ef1a489c9c7de96311ed5ce5d32c20e4b,ethereum,14640922,Lazarus Group,27307,Digital Currency Address - ETH
CU-ACT-0034,2022-04-23,BLACKLIST,0x53b6936513e738f44fb50d2b9476730c0ab3bfc1,ethereum,14640965,Lazarus Group,27307,Digital Currency Address - ETH
CU-ACT-0036,2022-04-23,BLACKLIST,0x3cffd56b47b7b41c56258d9c7731abadc360e073,ethereum,14640965,Lazarus Group,27307,Digital Currency Address - ETH
CU-ACT-0037,2022-05-06,BLACKLIST,0x35fb6f6db4fb05e6a4ce86f2c93691425626d4b1,ethereum,14724273,Lazarus Group,27307,Digital Currency Address - ETH
CU-ACT-0038,2022-05-06,BLACKLIST,0xf7b31119c2682c88d88d455dbb9d5932c65cf1be,ethereum,14724282,Lazarus Group,27307,Digital Currency Address - ETH
CU-ACT-0039,2022-05-06,BLACKLIST,0x3e37627deaa754090fbfbb8bd226c1ce66d255e9,ethereum,14724282,Lazarus Group,27307,Digital Currency Address - ETH
CU-ACT-0040,2022-05-06,BLACKLIST,0x08723392ed15743cc38513c4925f5e6be5c17243,ethereum,14724282,Lazarus Group,27307,Digital Currency Address - ETH
CU-ACT-0085,2022-09-15,BLACKLIST,0xc2a3829f459b3edd87791c74cd45402ba0a20be3,ethereum,15540279,Task Force Rusich,38665,Digital Currency Address - ETH
CU-ACT-0086,2022-09-15,BLACKLIST,0x3ad9db589d201a710ed237c829c7860ba86510fc,ethereum,15540279,Task Force Rusich,38665,Digital Currency Address - ETH
CU-ACT-0145,2022-11-10,BLACKLIST,0x502371699497d08d5339c870851898d6d72521dd,ethereum,15941892,Peijnenburg,39585,Digital Currency Address - ETH
CU-ACT-0146,2022-11-10,BLACKLIST,0x5a14e72060c11313e38738009254a90968f58f51,ethereum,15941893,Peijnenburg,39585,Digital Currency Address - ETH
CU-ACT-0147,2022-11-10,BLACKLIST,0xefe301d259f525ca1ba74a7977b80d5b060b3cca,ethereum,15941895,Peijnenburg,39585,Digital Currency Address - ETH
CU-ACT-0148,2022-11-10,BLACKLIST,0xd0975b32cea532eadddfc9c60481976e39db3472,ethereum,15941896,Grimm,39593,Digital Currency Address - ETH
CU-ACT-0149,2022-11-10,BLACKLIST,0x1967d8af5bd86a497fb3dd7899a020e47560daaf,ethereum,15941897,Grimm,39593,Digital Currency Address - ETH
CU-ACT-0150,2022-11-10,BLACKLIST,0x83e5bc4ffa856bb84bb88581f5dd62a433a25e0d,ethereum,15941898,Peijnenburg,39585,Digital Currency Address - ETH
CU-ACT-0151,2022-11-10,BLACKLIST,0x08b2efdcdb8822efe5ad0eae55517cf5dc544251,ethereum,15941898,Peijnenburg,39585,Digital Currency Address - ETH
CU-ACT-0152,2022-11-10,BLACKLIST,0x04dba1194ee10112fe6c3207c0687def0e78bacf,ethereum,15941898,Peijnenburg,39585,Digital Currency Address - ETH
CU-ACT-0153,2022-11-10,BLACKLIST,0x0ee5067b06776a89ccc7dc8ee369984ad7db5e06,ethereum,15941903,Peijnenburg,39585,Digital Currency Address - ETH
CU-ACT-0157,2023-02-01,BLACKLIST,0x39d908dac893cbcb53cc86e0ecc369aa4def1a29,ethereum,16536887,Zimenkov,40488,Digital Currency Address - ETH
CU-ACT-0164,2023-04-24,BLACKLIST,0x4f47bc496083c727c5fbe3ce9cdf2b0f6496270c,ethereum,17117253,Sim,42498,Digital Currency Address - ETH
CU-ACT-0168,2023-05-19,BLACKLIST,0x38735f03b30fbc022ddd06abed01f0ca823c6a94,ethereum,17294738,Hanafin,43085,Digital Currency Address - USDT
CU-ACT-0174,2023-05-23,BLACKLIST,0x97b1043abd9e6fc31681635166d430a458d14f9c,ethereum,17322824,Kim,43377,Digital Currency Address - ETH
CU-ACT-0175,2023-05-23,BLACKLIST,0xb6f5ec1a0a9cd1526536d3f0426c429529471f40,ethereum,17322836,Kim,43377,Digital Currency Address - ETH
CU-ACT-0181,2023-08-24,BLACKLIST,0xdcbeffbecce100cce9e4b153c4e15cb885643193,ethereum,17984504,Semenov,44718,Digital Currency Address - ETH
CU-ACT-0182,2023-08-24,BLACKLIST,0x5f48c2a71b2cc96e3f0ccae4e39318ff0dc375b2,ethereum,17984508,Semenov,44718,Digital Currency Address - ETH
CU-ACT-0183,2023-08-24,BLACKLIST,0x5a7a51bfb49f190e5a6060a5bc6052ac14a3b59f,ethereum,17984512,Semenov,44718,Digital Currency Address - ETH
CU-ACT-0184,2023-08-24,BLACKLIST,0xed6e0a7e4ac94d976eebfb82ccf777a3c6bad921,ethereum,17984514,Semenov,44718,Digital Currency Address - ETH
CU-ACT-0185,2023-08-24,BLACKLIST,0x797d7ae72ebddcdea2a346c1834e04d1f8df102b,ethereum,17984516,Semenov,44718,Digital Currency Address - ETH
CU-ACT-0186,2023-08-24,BLACKLIST,0x931546d9e66836abf687d2bc64b30407bac8c568,ethereum,17984518,Semenov,44718,Digital Currency Address - ETH
CU-ACT-0187,2023-08-24,BLACKLIST,0x43fa21d92141ba9db43052492e0deee5aa5f0a93,ethereum,17984520,Semenov,44718,Digital Currency Address - ETH
CU-ACT-0188,2023-08-24,BLACKLIST,0x6be0ae71e6c41f2f9d0d1a3b8d0f75e6f6a0b46e,ethereum,17984522,Semenov,44718,Digital Currency Address - ETH
CU-ACT-0192,2023-09-27,BLACKLIST,0x9c2bc757b66f24d60f016b6237f8cdd414a879fa,ethereum,18224435,Jimenez Castro,44029,Digital Currency Address - ETH
CU-ACT-0193,2023-10-04,BLACKLIST,0x530a64c0ce595026a4a556b703644228179e2d57,ethereum,18273952,Shen,45312,Digital Currency Address - ETH
CU-ACT-0196,2023-10-04,BLACKLIST,0xfac583c0cf07ea434052c49115a4682172ab6b4f,ethereum,18273958,Wang,45404,Digital Currency Address - USDT
CU-ACT-0198,2023-10-04,BLACKLIST,0x961c5be54a2ffc17cf4cb021d863c42dacd47fc1,ethereum,18273961,Zhang,45391,Digital Currency Address - ETH
CU-ACT-0200,2023-10-04,BLACKLIST,0x983a81ca6fb1e441266d2fbcb7d8e530ac2e05a2,ethereum,18273963,"Valerian Labs, Inc.",45314,Digital Currency Address - ETH
CU-ACT-0219,2024-02-21,BLACKLIST,0xf3701f445b6bdafedbca97d1e477357839e4120d,ethereum,19275988,Kondratiev,47682,Digital Currency Address - ETH
CU-ACT-0224,2024-03-27,BLACKLIST,0x175d44451403edf28469df03a9280c1197adb92c,ethereum,19528595,Gaza Now,47635,Digital Currency Address - USDT
CU-ACT-0226,2024-03-27,BLACKLIST,0xe950dc316b836e4eefb8308bf32bf7c72a1358ff,ethereum,19528604,Gaza Now,47635,Digital Currency Address - ETH
CU-ACT-0229,2024-03-27,BLACKLIST,0x21b8d56bda776bbe68655a16895afd96f5534fed,ethereum,19528611,Gaza Now,47635,Digital Currency Address - ETH
CU-ACT-0234,2024-05-02,BLACKLIST,0x19f8f2b0915daa12a3f5c9cf01df9e24d53794f7,ethereum,19779440,OKO DESIGN BUREAU,48432,Digital Currency Address - ETH
CU-ACT-0244,2024-05-29,BLACKLIST,0xe1d865c3d669dcc8c57c8d023140cb204e672ee4,ethereum,19972374,Wang,43421,Digital Currency Address - ETH
CU-ACT-0253,2024-09-27,BLACKLIST,0x0931ca4d13bb4ba75d9b7132ab690265d749a5e7,ethereum,20839131,Cryptex,50641,Digital Currency Address - ETH
CU-ACT-0267,2024-12-05,BLACKLIST,0x1999ef52700c34de7ec2b68a28aafb37db0c5ade,ethereum,21334301,Magomedov,52071,Digital Currency Address - ETH
CU-ACT-0394,2025-05-29,BLACKLIST,0xd5ed34b52ac4ab84d8fa8a231a3218bbf01ed510,ethereum,22590579,Funnull Technology Inc,53953,Digital Currency Address - ETH
CU-ACT-0464,2025-08-14,BLACKLIST,0x8dce2aac0de82bdcaf6b4373b79f94331b8e4995,ethereum,23140579,GARANTEX EUROPE OU,36025,Digital Currency Address - ETH
CU-ACT-0468,2025-08-14,BLACKLIST,0x12de548f79a50d2bd05481c8515c1ef5183666a9,ethereum,23140599,Old Vector LLC,55046,Digital Currency Address - ETH
CU-ACT-0469,2025-08-14,BLACKLIST,0xd8500c631dc32fa18645b7436344a99e4825e10e,ethereum,23140604,GARANTEX EUROPE OU,36025,Digital Currency Address - ETH
CU-ACT-0471,2025-08-14,BLACKLIST,0x57ec89a0c056163a0314e413320f9b3abe761259,ethereum,23140614,GARANTEX EUROPE OU,36025,Digital Currency Address - ETH
CU-ACT-0472,2025-08-14,BLACKLIST,0xb338962b92cd818d6aef0a32a9ecd01212a71f33,ethereum,23140619,GARANTEX EUROPE OU,36025,Digital Currency Address - ETH
CU-ACT-0473,2025-08-14,BLACKLIST,0xf4377eda661e04b6dda78969796ed31658d602d4,ethereum,23140624,GARANTEX EUROPE OU,36025,Digital Currency Address - ETH
CU-ACT-0478,2025-08-14,BLACKLIST,0x7ced75026204ac29c34bea98905d4c949f27361e,ethereum,23140649,GARANTEX EUROPE OU,36025,Digital Currency Address - ETH
CU-ACT-0480,2025-09-16,BLACKLIST,0x532b77b33a040587e9fd1800088225f99b8b0e8a,ethereum,23376678,ALIVAND,55502,Digital Currency Address - ETH
CU-ACT-0481,2025-09-16,BLACKLIST,0xe3d35f68383732649669aa990832e017340dbca5,ethereum,23376682,ALIVAND,55502,Digital Currency Address - ETH
CU-ACT-0485,2025-09-16,BLACKLIST,0xdb2720ebad55399117ddb4c4a4afd9a4ccada8fe,ethereum,23376714,DERAKHSHAN,55484,Digital Currency Address - ETH
CU-ACT-0597,2025-11-19,BLACKLIST,0x5d5b5dafecbf31bdb08bfd3edad4f2694372d0ef,ethereum,23834720,Sokolovski,56360,Digital Currency Address - ETH
CU-ACT-0598,2025-11-19,BLACKLIST,0xc103b7dc095c904b92081eef0c1640081ec01c10,ethereum,23834740,Sokolovski,56360,Digital Currency Address - ETH
CU-ACT-0601,2025-11-19,BLACKLIST,0xe1e4c5e5ed8f03ae61b581e2def126025f2b9401,ethereum,23834757,Sokolovski,56360,Digital Currency Address - ETH
CU-ACT-0632,2026-03-12,BLACKLIST,0xb637f84b66876ebf609c2a4208905f9ddac9d075,ethereum,24642839,Yun,57034,Digital Currency Address - ETH
CU-ACT-0634,2026-03-12,BLACKLIST,0xcb74874f1e06fcf80a306e06e5379a44b488ba2d,ethereum,24642871,AMNOKGANG TECHNOLOGY DEVELOPMENT COMPANY,57056,Digital Currency Address - ETH
CU-ACT-0635,2026-03-12,BLACKLIST,0x95584c303fcd48af5c6b9873015f2ad0ca84eae3,ethereum,24642875,Yun,57034,Digital Currency Address - ETH
CU-ACT-0636,2026-03-12,BLACKLIST,0x9be599d7867f5e1a2d7ec6db9710df2b98a15573,ethereum,24642892,AMNOKGANG TECHNOLOGY DEVELOPMENT COMPANY,57056,Digital Currency Address - ETH
CU-ACT-0638,2026-03-12,BLACKLIST,0x0330070fd38ec3bb94f58fa55d40368271e9e54a,ethereum,24642902,AMNOKGANG TECHNOLOGY DEVELOPMENT COMPANY,57056,Digital Currency Address - ETH
CU-ACT-0639,2026-03-12,BLACKLIST,0x76ea76ca4eb727f18956ab93445a94c5280412b9,ethereum,24642911,Sim,42498,Digital Currency Address - ETH
CU-ACT-0640,2026-03-12,BLACKLIST,0xfb3eff152ea55d1bfa04dbdd509a80fd7b72cdeb,ethereum,24642913,Sim,42498,Digital Currency Address - ETH
CU-ACT-0641,2026-03-12,BLACKLIST,0x747afb5c7a7fc34b547cd0fdebf9b91759c5a52b,ethereum,24642920,Sim,42498,Digital Currency Address - ETH
CU-ACT-0642,2026-03-12,BLACKLIST,0xd04e33461fea8302c5e1e13895b60cee8aefda7f,ethereum,24642924,Sim,42498,Digital Currency Address - ETH
CU-ACT-0643,2026-03-12,BLACKLIST,0x4f47bc496083c727c5fbe3ce9cdf2b0f6496270c,ethereum,24642925,Sim,42498,Digital Currency Address - ETH
CU-ACT-0647,2026-03-12,BLACKLIST,0xfda1ec4a6178d4916b001a065422d31ebe5f62ff,ethereum,24642963,Sim,42498,Digital Currency Address - ETH
CU-ACT-0783,2023-08-18,BLACKLIST,0xd882cfc20f52f2599d84b8e8d58c7fb62cfe344b,base,2798422,KARASAVIDI,29585,Digital Currency Address - ETH
CU-ACT-0784,2023-08-18,BLACKLIST,0x7f367cc41522ce07553e823bf3be79a889debe1b,base,2798427,Potekhin,29584,Digital Currency Address - ETH
CU-ACT-0785,2023-08-18,BLACKLIST,0x1da5821544e25c636c1417ba96ade4cf6d2f9b5a,base,2798431,Secondeye Solution,30518,Digital Currency Address - ETH
CU-ACT-0786,2023-08-18,BLACKLIST,0x7db418b5d567a4e0e8c59ad71be1fce48f3e6107,base,2798435,Secondeye Solution,30518,Digital Currency Address - ETH
CU-ACT-0787,2023-08-18,BLACKLIST,0x72a5843cc08275c8171e582972aa4fda8c397b2a,base,2798440,Secondeye Solution,30518,Digital Currency Address - ETH
CU-ACT-0788,2023-08-18,BLACKLIST,0x7f19720a857f834887fc9a7bc0a0fbe7fc7f8102,base,2798445,Secondeye Solution,30518,Digital Currency Address - ETH
CU-ACT-0789,2023-08-18,BLACKLIST,0x9f4cda013e354b8fc285bf4b9a60460cee7f7ea9,base,2798488,SOUTHFRONT,31212,Digital Currency Address - ETH
CU-ACT-0790,2023-08-18,BLACKLIST,0xa7e5d5a720f06526557c513402f2e6b5fa20b008,base,2798493,Lifshits,29702,Digital Currency Address - ETH
CU-ACT-0791,2023-08-18,BLACKLIST,0x3cbded43efdaf0fc77b9c55f6fc9988fcc9b757d,base,2798497,SOUTHFRONT,31212,Digital Currency Address - ETH
CU-ACT-0792,2023-08-18,BLACKLIST,0x67d40ee1a85bf4a4bb7ffae16de985e8427b6b45,base,2798535,CHATEX,33854,Digital Currency Address - ETH
CU-ACT-0793,2023-08-18,BLACKLIST,0x6f1ca141a28907f78ebaa64fb83a9088b02a8352,base,2798540,CHATEX,33854,Digital Currency Address - ETH
CU-ACT-0795,2023-08-18,BLACKLIST,0x48549a34ae37b12f6a30566245176994e17c6b4a,base,2798555,CHATEX,33854,Digital Currency Address - ETH
CU-ACT-0796,2023-08-18,BLACKLIST,0x5512d943ed1f7c8a43f3435c85f7ab68b30121b0,base,2798560,CHATEX,33854,Digital Currency Address - ETH
CU-ACT-0797,2023-08-18,BLACKLIST,0x5512d943ed1f7c8a43f3435c85f7ab68b30121b0,base,2800046,CHATEX,33854,Digital Currency Address - ETH
CU-ACT-0798,2023-08-18,BLACKLIST,0xc455f7fd3e0e12afd51fba5c106909934d8a0e4a,base,2800052,CHATEX,33854,Digital Currency Address - ETH
CU-ACT-0799,2023-08-18,BLACKLIST,0x2f389ce8bd8ff92de3402ffce4691d17fc4f6535,base,2800057,"SUEX OTC, S.R.O.",33151,Digital Currency Address - ETH
CU-ACT-0800,2023-08-18,BLACKLIST,0x19aa5fe80d33a56d56c78e82ea5e50e5d80b4dff,base,2800283,"SUEX OTC, S.R.O.",33151,Digital Currency Address - ETH
CU-ACT-0801,2023-08-18,BLACKLIST,0xe7aa314c77f4233c18c6cc84384a9247c0cf367b,base,2800286,"SUEX OTC, S.R.O.",33151,Digital Currency Address - ETH
CU-ACT-0802,2023-08-18,BLACKLIST,0x308ed4b7b49797e1a98d3818bff6fe5385410370,base,2800290,"SUEX OTC, S.R.O.",33151,Digital Currency Address - ETH
CU-ACT-0803,2023-08-18,BLACKLIST,0xfec8a60023265364d066a1212fde3930f6ae8da7,base,2800294,Polyanin,33858,Digital Currency Address - USDT
CU-ACT-0804,2023-08-18,BLACKLIST,0x8576acc5c05d6ce88f4e49bf65bdf0c62f91353c,base,2800298,Andreyev,29703,Digital Currency Address - ETH
CU-ACT-0805,2023-08-18,BLACKLIST,0x901bb9583b24d97e995513c6778dc6888ab6870e,base,2800301,Lifshits,29702,Digital Currency Address - ETH
CU-ACT-0806,2023-08-18,BLACKLIST,0x7ff9cfad3877f21d41da833e2f775db0569ee3d9,base,2800304,GARANTEX EUROPE OU,36025,Digital Currency Address - ETH
CU-ACT-0807,2023-08-18,BLACKLIST,0x098b716b8aaf21512996dc57eb0615e2383e2f96,base,2800309,Lazarus Group,27307,Digital Currency Address - ETH
CU-ACT-0808,2023-08-18,BLACKLIST,0xa0e1c89ef1a489c9c7de96311ed5ce5d32c20e4b,base,2800313,Lazarus Group,27307,Digital Currency Address - ETH
CU-ACT-0809,2023-08-18,BLACKLIST,0x3cffd56b47b7b41c56258d9c7731abadc360e073,base,2800318,Lazarus Group,27307,Digital Currency Address - ETH
CU-ACT-0810,2023-08-18,BLACKLIST,0x53b6936513e738f44fb50d2b9476730c0ab3bfc1,base,2800321,Lazarus Group,27307,Digital Currency Address - ETH
CU-ACT-0812,2023-08-18,BLACKLIST,0x35fb6f6db4fb05e6a4ce86f2c93691425626d4b1,base,2800330,Lazarus Group,27307,Digital Currency Address - ETH
CU-ACT-0813,2023-08-18,BLACKLIST,0xf7b31119c2682c88d88d455dbb9d5932c65cf1be,base,2800334,Lazarus Group,27307,Digital Currency Address - ETH
CU-ACT-0814,2023-08-18,BLACKLIST,0x3e37627deaa754090fbfbb8bd226c1ce66d255e9,base,2800338,Lazarus Group,27307,Digital Currency Address - ETH
CU-ACT-0815,2023-08-18,BLACKLIST,0x08723392ed15743cc38513c4925f5e6be5c17243,base,2800342,Lazarus Group,27307,Digital Currency Address - ETH
CU-ACT-0853,2023-08-18,BLACKLIST,0xc2a3829f459b3edd87791c74cd45402ba0a20be3,base,2800494,Task Force Rusich,38665,Digital Currency Address - ETH
CU-ACT-0854,2023-08-18,BLACKLIST,0x3ad9db589d201a710ed237c829c7860ba86510fc,base,2800498,Task Force Rusich,38665,Digital Currency Address - ETH
CU-ACT-0909,2023-08-18,BLACKLIST,0xd0975b32cea532eadddfc9c60481976e39db3472,base,2800718,Grimm,39593,Digital Currency Address - ETH
CU-ACT-0910,2023-08-18,BLACKLIST,0x1967d8af5bd86a497fb3dd7899a020e47560daaf,base,2800722,Grimm,39593,Digital Currency Address - ETH
CU-ACT-0911,2023-08-18,BLACKLIST,0x83e5bc4ffa856bb84bb88581f5dd62a433a25e0d,base,2800725,Peijnenburg,39585,Digital Currency Address - ETH
CU-ACT-0912,2023-08-18,BLACKLIST,0x08b2efdcdb8822efe5ad0eae55517cf5dc544251,base,2800728,Peijnenburg,39585,Digital Currency Address - ETH
CU-ACT-0913,2023-08-18,BLACKLIST,0x04dba1194ee10112fe6c3207c0687def0e78bacf,base,2800731,Peijnenburg,39585,Digital Currency Address - ETH
CU-ACT-0914,2023-08-18,BLACKLIST,0x0ee5067b06776a89ccc7dc8ee369984ad7db5e06,base,2800735,Peijnenburg,39585,Digital Currency Address - ETH
CU-ACT-0915,2023-08-18,BLACKLIST,0x502371699497d08d5339c870851898d6d72521dd,base,2800739,Peijnenburg,39585,Digital Currency Address - ETH
CU-ACT-0916,2023-08-18,BLACKLIST,0x5a14e72060c11313e38738009254a90968f58f51,base,2800742,Peijnenburg,39585,Digital Currency Address - ETH
CU-ACT-0917,2023-08-18,BLACKLIST,0xefe301d259f525ca1ba74a7977b80d5b060b3cca,base,2800745,Peijnenburg,39585,Digital Currency Address - ETH
CU-ACT-0918,2023-08-18,BLACKLIST,0x39d908dac893cbcb53cc86e0ecc369aa4def1a29,base,2800749,Zimenkov,40488,Digital Currency Address - ETH
CU-ACT-0919,2023-08-18,BLACKLIST,0x4f47bc496083c727c5fbe3ce9cdf2b0f6496270c,base,2800753,Sim,42498,Digital Currency Address - ETH
CU-ACT-0920,2023-08-18,BLACKLIST,0x38735f03b30fbc022ddd06abed01f0ca823c6a94,base,2800757,Hanafin,43085,Digital Currency Address - USDT
CU-ACT-0921,2023-08-18,BLACKLIST,0x97b1043abd9e6fc31681635166d430a458d14f9c,base,2800760,Kim,43377,Digital Currency Address - ETH
CU-ACT-0922,2023-08-18,BLACKLIST,0xb6f5ec1a0a9cd1526536d3f0426c429529471f40,base,2800764,Kim,43377,Digital Currency Address - ETH
CU-ACT-0926,2023-08-24,BLACKLIST,0xdcbeffbecce100cce9e4b153c4e15cb885643193,base,3045442,Semenov,44718,Digital Currency Address - ETH
CU-ACT-0927,2023-08-24,BLACKLIST,0x5f48c2a71b2cc96e3f0ccae4e39318ff0dc375b2,base,3045459,Semenov,44718,Digital Currency Address - ETH
CU-ACT-0928,2023-08-24,BLACKLIST,0x5a7a51bfb49f190e5a6060a5bc6052ac14a3b59f,base,3045471,Semenov,44718,Digital Currency Address - ETH
CU-ACT-0929,2023-08-24,BLACKLIST,0xed6e0a7e4ac94d976eebfb82ccf777a3c6bad921,base,3045480,Semenov,44718,Digital Currency Address - ETH
CU-ACT-0930,2023-08-24,BLACKLIST,0x797d7ae72ebddcdea2a346c1834e04d1f8df102b,base,3045489,Semenov,44718,Digital Currency Address - ETH
CU-ACT-0931,2023-08-24,BLACKLIST,0x931546d9e66836abf687d2bc64b30407bac8c568,base,3045498,Semenov,44718,Digital Currency Address - ETH
CU-ACT-0932,2023-08-24,BLACKLIST,0x43fa21d92141ba9db43052492e0deee5aa5f0a93,base,3045508,Semenov,44718,Digital Currency Address - ETH
CU-ACT-0933,2023-08-24,BLACKLIST,0x6be0ae71e6c41f2f9d0d1a3b8d0f75e6f6a0b46e,base,3045520,Semenov,44718,Digital Currency Address - ETH
CU-ACT-0934,2023-09-27,BLACKLIST,0x9c2bc757b66f24d60f016b6237f8cdd414a879fa,base,4498089,Jimenez Castro,44029,Digital Currency Address - ETH
CU-ACT-0935,2023-10-04,BLACKLIST,0x530a64c0ce595026a4a556b703644228179e2d57,base,4798002,Shen,45312,Digital Currency Address - ETH
CU-ACT-0938,2023-10-04,BLACKLIST,0xfac583c0cf07ea434052c49115a4682172ab6b4f,base,4798025,Wang,45404,Digital Currency Address - USDT
CU-ACT-0940,2023-10-04,BLACKLIST,0x961c5be54a2ffc17cf4cb021d863c42dacd47fc1,base,4798040,Zhang,45391,Digital Currency Address - ETH
CU-ACT-0942,2023-10-04,BLACKLIST,0x983a81ca6fb1e441266d2fbcb7d8e530ac2e05a2,base,4798060,"Valerian Labs, Inc.",45314,Digital Currency Address - ETH
CU-ACT-0944,2024-02-21,BLACKLIST,0xf3701f445b6bdafedbca97d1e477357839e4120d,base,10864968,Kondratiev,47682,Digital Currency Address - ETH
CU-ACT-0948,2024-03-27,BLACKLIST,0x175d44451403edf28469df03a9280c1197adb92c,base,12395924,Gaza Now,47635,Digital Currency Address - USDT
CU-ACT-0950,2024-03-27,BLACKLIST,0xe950dc316b836e4eefb8308bf32bf7c72a1358ff,base,12395958,Gaza Now,47635,Digital Currency Address - ETH
CU-ACT-0953,2024-03-27,BLACKLIST,0x21b8d56bda776bbe68655a16895afd96f5534fed,base,12396027,Gaza Now,47635,Digital Currency Address - ETH
CU-ACT-0955,2024-05-02,BLACKLIST,0x19f8f2b0915daa12a3f5c9cf01df9e24d53794f7,base,13913710,OKO DESIGN BUREAU,48432,Digital Currency Address - ETH
CU-ACT-0958,2024-05-29,BLACKLIST,0xe1d865c3d669dcc8c57c8d023140cb204e672ee4,base,15078904,Wang,43421,Digital Currency Address - ETH
CU-ACT-0962,2024-09-27,BLACKLIST,0x0931ca4d13bb4ba75d9b7132ab690265d749a5e7,base,20308180,Cryptex,50641,Digital Currency Address - ETH
CU-ACT-0965,2024-12-05,BLACKLIST,0x1999ef52700c34de7ec2b68a28aafb37db0c5ade,base,23294123,Magomedov,52071,Digital Currency Address - ETH
CU-ACT-1082,2025-05-29,BLACKLIST,0xd5ed34b52ac4ab84d8fa8a231a3218bbf01ed510,base,30879850,Funnull Technology Inc,53953,Digital Currency Address - ETH
CU-ACT-1094,2025-08-14,BLACKLIST,0x12de548f79a50d2bd05481c8515c1ef5183666a9,base,34209513,Old Vector LLC,55046,Digital Currency Address - ETH
CU-ACT-1096,2025-08-14,BLACKLIST,0x8dce2aac0de82bdcaf6b4373b79f94331b8e4995,base,34209533,GARANTEX EUROPE OU,36025,Digital Currency Address - ETH
CU-ACT-1097,2025-08-14,BLACKLIST,0xf4377eda661e04b6dda78969796ed31658d602d4,base,34209543,GARANTEX EUROPE OU,36025,Digital Currency Address - ETH
CU-ACT-1098,2025-08-14,BLACKLIST,0xb338962b92cd818d6aef0a32a9ecd01212a71f33,base,34209553,GARANTEX EUROPE OU,36025,Digital Currency Address - ETH
CU-ACT-1099,2025-08-14,BLACKLIST,0x57ec89a0c056163a0314e413320f9b3abe761259,base,34209563,GARANTEX EUROPE OU,36025,Digital Currency Address - ETH
CU-ACT-1100,2025-08-14,BLACKLIST,0xd8500c631dc32fa18645b7436344a99e4825e10e,base,34209572,GARANTEX EUROPE OU,36025,Digital Currency Address - ETH
CU-ACT-1101,2025-08-14,BLACKLIST,0x7ced75026204ac29c34bea98905d4c949f27361e,base,34209581,GARANTEX EUROPE OU,36025,Digital Currency Address - ETH
CU-ACT-1109,2025-09-16,BLACKLIST,0xe3d35f68383732649669aa990832e017340dbca5,base,35624481,ALIVAND,55502,Digital Currency Address - ETH
CU-ACT-1110,2025-09-16,BLACKLIST,0x532b77b33a040587e9fd1800088225f99b8b0e8a,base,35624507,ALIVAND,55502,Digital Currency Address - ETH
CU-ACT-1114,2025-09-16,BLACKLIST,0xdb2720ebad55399117ddb4c4a4afd9a4ccada8fe,base,35624656,DERAKHSHAN,55484,Digital Currency Address - ETH
CU-ACT-1177,2025-11-19,BLACKLIST,0x5d5b5dafecbf31bdb08bfd3edad4f2694372d0ef,base,38392667,Sokolovski,56360,Digital Currency Address - ETH
CU-ACT-1178,2025-11-19,BLACKLIST,0xc103b7dc095c904b92081eef0c1640081ec01c10,base,38392710,Sokolovski,56360,Digital Currency Address - ETH
CU-ACT-1179,2025-11-19,BLACKLIST,0xe1e4c5e5ed8f03ae61b581e2def126025f2b9401,base,38392810,Sokolovski,56360,Digital Currency Address - ETH
CU-ACT-1194,2026-03-12,BLACKLIST,0xb637f84b66876ebf609c2a4208905f9ddac9d075,base,43273357,Yun,57034,Digital Currency Address - ETH
CU-ACT-1195,2026-03-12,BLACKLIST,0x0330070fd38ec3bb94f58fa55d40368271e9e54a,base,43273532,AMNOKGANG TECHNOLOGY DEVELOPMENT COMPANY,57056,Digital Currency Address - ETH
CU-ACT-1196,2026-03-12,BLACKLIST,0x95584c303fcd48af5c6b9873015f2ad0ca84eae3,base,43273554,Yun,57034,Digital Currency Address - ETH
CU-ACT-1197,2026-03-12,BLACKLIST,0xcb74874f1e06fcf80a306e06e5379a44b488ba2d,base,43273604,AMNOKGANG TECHNOLOGY DEVELOPMENT COMPANY,57056,Digital Currency Address - ETH
CU-ACT-1198,2026-03-12,BLACKLIST,0x9be599d7867f5e1a2d7ec6db9710df2b98a15573,base,43273770,AMNOKGANG TECHNOLOGY DEVELOPMENT COMPANY,57056,Digital Currency Address - ETH
CU-ACT-1199,2026-03-12,BLACKLIST,0xd04e33461fea8302c5e1e13895b60cee8aefda7f,base,43273786,Sim,42498,Digital Currency Address - ETH
CU-ACT-1200,2026-03-12,BLACKLIST,0xfda1ec4a6178d4916b001a065422d31ebe5f62ff,base,43273803,Sim,42498,Digital Currency Address - ETH
CU-ACT-1201,2026-03-12,BLACKLIST,0x76ea76ca4eb727f18956ab93445a94c5280412b9,base,43273812,Sim,42498,Digital Currency Address - ETH
CU-ACT-1202,2026-03-12,BLACKLIST,0x4f47bc496083c727c5fbe3ce9cdf2b0f6496270c,base,43273830,Sim,42498,Digital Currency Address - ETH
CU-ACT-1204,2026-03-12,BLACKLIST,0xfb3eff152ea55d1bfa04dbdd509a80fd7b72cdeb,base,43274049,Sim,42498,Digital Currency Address - ETH
CU-ACT-1207,2026-03-12,BLACKLIST,0x747afb5c7a7fc34b547cd0fdebf9b91759c5a52b,base,43274173,Sim,42498,Digital Currency Address - ETH
CU-ACT-1216,2023-07-21,BLACKLIST,0xd882cfc20f52f2599d84b8e8d58c7fb62cfe344b,polygon,45346590,KARASAVIDI,29585,Digital Currency Address - ETH
CU-ACT-1217,2023-07-21,BLACKLIST,0x7f367cc41522ce07553e823bf3be79a889debe1b,polygon,45346593,Potekhin,29584,Digital Currency Address - ETH
CU-ACT-1218,2023-07-21,BLACKLIST,0x1da5821544e25c636c1417ba96ade4cf6d2f9b5a,polygon,45346596,Secondeye Solution,30518,Digital Currency Address - ETH
CU-ACT-1219,2023-07-21,BLACKLIST,0x7db418b5d567a4e0e8c59ad71be1fce48f3e6107,polygon,45346599,Secondeye Solution,30518,Digital Currency Address - ETH
CU-ACT-1220,2023-07-21,BLACKLIST,0x72a5843cc08275c8171e582972aa4fda8c397b2a,polygon,45346603,Secondeye Solution,30518,Digital Currency Address - ETH
CU-ACT-1221,2023-07-21,BLACKLIST,0x7f19720a857f834887fc9a7bc0a0fbe7fc7f8102,polygon,45346606,Secondeye Solution,30518,Digital Currency Address - ETH
CU-ACT-1222,2023-07-21,BLACKLIST,0xd882cfc20f52f2599d84b8e8d58c7fb62cfe344b,polygon,45348203,KARASAVIDI,29585,Digital Currency Address - ETH
CU-ACT-1223,2023-07-21,BLACKLIST,0xd882cfc20f52f2599d84b8e8d58c7fb62cfe344b,polygon,45348215,KARASAVIDI,29585,Digital Currency Address - ETH
CU-ACT-1224,2023-07-21,BLACKLIST,0x7f367cc41522ce07553e823bf3be79a889debe1b,polygon,45348218,Potekhin,29584,Digital Currency Address - ETH
CU-ACT-1225,2023-07-21,BLACKLIST,0x1da5821544e25c636c1417ba96ade4cf6d2f9b5a,polygon,45348221,Secondeye Solution,30518,Digital Currency Address - ETH
CU-ACT-1226,2023-07-21,BLACKLIST,0x7db418b5d567a4e0e8c59ad71be1fce48f3e6107,polygon,45348225,Secondeye Solution,30518,Digital Currency Address - ETH
CU-ACT-1227,2023-07-21,BLACKLIST,0xd882cfc20f52f2599d84b8e8d58c7fb62cfe344b,polygon,45348257,KARASAVIDI,29585,Digital Currency Address - ETH
CU-ACT-1228,2023-07-21,BLACKLIST,0x7f367cc41522ce07553e823bf3be79a889debe1b,polygon,45348260,Potekhin,29584,Digital Currency Address - ETH
CU-ACT-1229,2023-07-21,BLACKLIST,0x1da5821544e25c636c1417ba96ade4cf6d2f9b5a,polygon,45348263,Secondeye Solution,30518,Digital Currency Address - ETH
CU-ACT-1230,2023-07-21,BLACKLIST,0x7db418b5d567a4e0e8c59ad71be1fce48f3e6107,polygon,45348267,Secondeye Solution,30518,Digital Currency Address - ETH
CU-ACT-1231,2023-07-21,BLACKLIST,0x72a5843cc08275c8171e582972aa4fda8c397b2a,polygon,45348270,Secondeye Solution,30518,Digital Currency Address - ETH
CU-ACT-1232,2023-07-21,BLACKLIST,0x72a5843cc08275c8171e582972aa4fda8c397b2a,polygon,45348331,Secondeye Solution,30518,Digital Currency Address - ETH
CU-ACT-1233,2023-07-21,BLACKLIST,0x7f19720a857f834887fc9a7bc0a0fbe7fc7f8102,polygon,45348334,Secondeye Solution,30518,Digital Currency Address - ETH
CU-ACT-1234,2023-07-21,BLACKLIST,0x9f4cda013e354b8fc285bf4b9a60460cee7f7ea9,polygon,45348337,SOUTHFRONT,31212,Digital Currency Address - ETH
CU-ACT-1235,2023-07-21,BLACKLIST,0xa7e5d5a720f06526557c513402f2e6b5fa20b008,polygon,45348340,Lifshits,29702,Digital Currency Address - ETH
CU-ACT-1236,2023-07-21,BLACKLIST,0x3cbded43efdaf0fc77b9c55f6fc9988fcc9b757d,polygon,45348343,SOUTHFRONT,31212,Digital Currency Address - ETH
CU-ACT-1237,2023-07-21,BLACKLIST,0x67d40ee1a85bf4a4bb7ffae16de985e8427b6b45,polygon,45348347,CHATEX,33854,Digital Currency Address - ETH
CU-ACT-1238,2023-07-21,BLACKLIST,0x6f1ca141a28907f78ebaa64fb83a9088b02a8352,polygon,45348350,CHATEX,33854,Digital Currency Address - ETH
CU-ACT-1240,2023-07-21,BLACKLIST,0x48549a34ae37b12f6a30566245176994e17c6b4a,polygon,45348357,CHATEX,33854,Digital Currency Address - ETH
CU-ACT-1242,2023-07-21,BLACKLIST,0x48549a34ae37b12f6a30566245176994e17c6b4a,polygon,45348450,CHATEX,33854,Digital Currency Address - ETH
CU-ACT-1243,2023-07-21,BLACKLIST,0x5512d943ed1f7c8a43f3435c85f7ab68b30121b0,polygon,45348453,CHATEX,33854,Digital Currency Address - ETH
CU-ACT-1244,2023-07-21,BLACKLIST,0xc455f7fd3e0e12afd51fba5c106909934d8a0e4a,polygon,45348456,CHATEX,33854,Digital Currency Address - ETH
CU-ACT-1245,2023-07-21,BLACKLIST,0x2f389ce8bd8ff92de3402ffce4691d17fc4f6535,polygon,45348460,"SUEX OTC, S.R.O.",33151,Digital Currency Address - ETH
CU-ACT-1246,2023-07-21,BLACKLIST,0x19aa5fe80d33a56d56c78e82ea5e50e5d80b4dff,polygon,45348463,"SUEX OTC, S.R.O.",33151,Digital Currency Address - ETH
CU-ACT-1247,2023-07-21,BLACKLIST,0xe7aa314c77f4233c18c6cc84384a9247c0cf367b,polygon,45348466,"SUEX OTC, S.R.O.",33151,Digital Currency Address - ETH
CU-ACT-1248,2023-07-21,BLACKLIST,0x308ed4b7b49797e1a98d3818bff6fe5385410370,polygon,45348469,"SUEX OTC, S.R.O.",33151,Digital Currency Address - ETH
CU-ACT-1249,2023-07-21,BLACKLIST,0xfec8a60023265364d066a1212fde3930f6ae8da7,polygon,45348472,Polyanin,33858,Digital Currency Address - USDT
CU-ACT-1250,2023-07-21,BLACKLIST,0x8576acc5c05d6ce88f4e49bf65bdf0c62f91353c,polygon,45348475,Andreyev,29703,Digital Currency Address - ETH
CU-ACT-1251,2023-07-21,BLACKLIST,0x901bb9583b24d97e995513c6778dc6888ab6870e,polygon,45348479,Lifshits,29702,Digital Currency Address - ETH
CU-ACT-1252,2023-07-21,BLACKLIST,0x7ff9cfad3877f21d41da833e2f775db0569ee3d9,polygon,45348534,GARANTEX EUROPE OU,36025,Digital Currency Address - ETH
CU-ACT-1253,2023-07-21,BLACKLIST,0x098b716b8aaf21512996dc57eb0615e2383e2f96,polygon,45348538,Lazarus Group,27307,Digital Currency Address - ETH
CU-ACT-1254,2023-07-21,BLACKLIST,0xa0e1c89ef1a489c9c7de96311ed5ce5d32c20e4b,polygon,45348541,Lazarus Group,27307,Digital Currency Address - ETH
CU-ACT-1255,2023-07-21,BLACKLIST,0x3cffd56b47b7b41c56258d9c7731abadc360e073,polygon,45348544,Lazarus Group,27307,Digital Currency Address - ETH
CU-ACT-1256,2023-07-21,BLACKLIST,0x53b6936513e738f44fb50d2b9476730c0ab3bfc1,polygon,45348547,Lazarus Group,27307,Digital Currency Address - ETH
CU-ACT-1258,2023-07-21,BLACKLIST,0x35fb6f6db4fb05e6a4ce86f2c93691425626d4b1,polygon,45348553,Lazarus Group,27307,Digital Currency Address - ETH
CU-ACT-1259,2023-07-21,BLACKLIST,0xf7b31119c2682c88d88d455dbb9d5932c65cf1be,polygon,45348556,Lazarus Group,27307,Digital Currency Address - ETH
CU-ACT-1260,2023-07-21,BLACKLIST,0x3e37627deaa754090fbfbb8bd226c1ce66d255e9,polygon,45348559,Lazarus Group,27307,Digital Currency Address - ETH
CU-ACT-1261,2023-07-21,BLACKLIST,0x08723392ed15743cc38513c4925f5e6be5c17243,polygon,45348561,Lazarus Group,27307,Digital Currency Address - ETH
CU-ACT-1304,2023-07-21,BLACKLIST,0xc2a3829f459b3edd87791c74cd45402ba0a20be3,polygon,45349679,Task Force Rusich,38665,Digital Currency Address - ETH
CU-ACT-1305,2023-07-21,BLACKLIST,0x3ad9db589d201a710ed237c829c7860ba86510fc,polygon,45349681,Task Force Rusich,38665,Digital Currency Address - ETH
CU-ACT-1372,2023-07-21,BLACKLIST,0xd0975b32cea532eadddfc9c60481976e39db3472,polygon,45350811,Grimm,39593,Digital Currency Address - ETH
CU-ACT-1373,2023-07-21,BLACKLIST,0x1967d8af5bd86a497fb3dd7899a020e47560daaf,polygon,45350814,Grimm,39593,Digital Currency Address - ETH
CU-ACT-1374,2023-07-21,BLACKLIST,0x1967d8af5bd86a497fb3dd7899a020e47560daaf,polygon,45350829,Grimm,39593,Digital Currency Address - ETH
CU-ACT-1375,2023-07-21,BLACKLIST,0x83e5bc4ffa856bb84bb88581f5dd62a433a25e0d,polygon,45350832,Peijnenburg,39585,Digital Currency Address - ETH
CU-ACT-1376,2023-07-21,BLACKLIST,0x08b2efdcdb8822efe5ad0eae55517cf5dc544251,polygon,45350835,Peijnenburg,39585,Digital Currency Address - ETH
CU-ACT-1377,2023-07-21,BLACKLIST,0x04dba1194ee10112fe6c3207c0687def0e78bacf,polygon,45350839,Peijnenburg,39585,Digital Currency Address - ETH
CU-ACT-1378,2023-07-21,BLACKLIST,0x0ee5067b06776a89ccc7dc8ee369984ad7db5e06,polygon,45350842,Peijnenburg,39585,Digital Currency Address - ETH
CU-ACT-1379,2023-07-21,BLACKLIST,0x502371699497d08d5339c870851898d6d72521dd,polygon,45350845,Peijnenburg,39585,Digital Currency Address - ETH
CU-ACT-1380,2023-07-21,BLACKLIST,0x5a14e72060c11313e38738009254a90968f58f51,polygon,45350848,Peijnenburg,39585,Digital Currency Address - ETH
CU-ACT-1381,2023-07-21,BLACKLIST,0xefe301d259f525ca1ba74a7977b80d5b060b3cca,polygon,45350851,Peijnenburg,39585,Digital Currency Address - ETH
CU-ACT-1382,2023-07-24,BLACKLIST,0x39d908dac893cbcb53cc86e0ecc369aa4def1a29,polygon,45466368,Zimenkov,40488,Digital Currency Address - ETH
CU-ACT-1383,2023-07-24,BLACKLIST,0x4f47bc496083c727c5fbe3ce9cdf2b0f6496270c,polygon,45466368,Sim,42498,Digital Currency Address - ETH
CU-ACT-1384,2023-07-24,BLACKLIST,0x38735f03b30fbc022ddd06abed01f0ca823c6a94,polygon,45466464,Hanafin,43085,Digital Currency Address - USDT
CU-ACT-1385,2023-07-24,BLACKLIST,0x97b1043abd9e6fc31681635166d430a458d14f9c,polygon,45466478,Kim,43377,Digital Currency Address - ETH
CU-ACT-1386,2023-07-24,BLACKLIST,0xb6f5ec1a0a9cd1526536d3f0426c429529471f40,polygon,45466485,Kim,43377,Digital Currency Address - ETH
CU-ACT-1390,2023-08-24,BLACKLIST,0xdcbeffbecce100cce9e4b153c4e15cb885643193,polygon,46696705,Semenov,44718,Digital Currency Address - ETH
CU-ACT-1391,2023-08-24,BLACKLIST,0x5f48c2a71b2cc96e3f0ccae4e39318ff0dc375b2,polygon,46696718,Semenov,44718,Digital Currency Address - ETH
CU-ACT-1392,2023-08-24,BLACKLIST,0x5a7a51bfb49f190e5a6060a5bc6052ac14a3b59f,polygon,46696730,Semenov,44718,Digital Currency Address - ETH
CU-ACT-1393,2023-08-24,BLACKLIST,0xed6e0a7e4ac94d976eebfb82ccf777a3c6bad921,polygon,46696740,Semenov,44718,Digital Currency Address - ETH
CU-ACT-1394,2023-08-24,BLACKLIST,0x797d7ae72ebddcdea2a346c1834e04d1f8df102b,polygon,46696753,Semenov,44718,Digital Currency Address - ETH
CU-ACT-1395,2023-08-24,BLACKLIST,0x931546d9e66836abf687d2bc64b30407bac8c568,polygon,46696760,Semenov,44718,Digital Currency Address - ETH
CU-ACT-1396,2023-08-24,BLACKLIST,0x43fa21d92141ba9db43052492e0deee5aa5f0a93,polygon,46696774,Semenov,44718,Digital Currency Address - ETH
CU-ACT-1397,2023-08-24,BLACKLIST,0x6be0ae71e6c41f2f9d0d1a3b8d0f75e6f6a0b46e,polygon,46696787,Semenov,44718,Digital Currency Address - ETH
CU-ACT-1398,2023-09-27,BLACKLIST,0x9c2bc757b66f24d60f016b6237f8cdd414a879fa,polygon,48029951,Jimenez Castro,44029,Digital Currency Address - ETH
CU-ACT-1399,2023-10-04,BLACKLIST,0x530a64c0ce595026a4a556b703644228179e2d57,polygon,48299167,Shen,45312,Digital Currency Address - ETH
CU-ACT-1402,2023-10-04,BLACKLIST,0xfac583c0cf07ea434052c49115a4682172ab6b4f,polygon,48299196,Wang,45404,Digital Currency Address - USDT
CU-ACT-1404,2023-10-04,BLACKLIST,0x961c5be54a2ffc17cf4cb021d863c42dacd47fc1,polygon,48299215,Zhang,45391,Digital Currency Address - ETH
CU-ACT-1406,2023-10-04,BLACKLIST,0x983a81ca6fb1e441266d2fbcb7d8e530ac2e05a2,polygon,48299236,"Valerian Labs, Inc.",45314,Digital Currency Address - ETH
CU-ACT-1408,2024-02-21,BLACKLIST,0xf3701f445b6bdafedbca97d1e477357839e4120d,polygon,53784241,Kondratiev,47682,Digital Currency Address - ETH
CU-ACT-1412,2024-03-27,BLACKLIST,0x175d44451403edf28469df03a9280c1197adb92c,polygon,55155081,Gaza Now,47635,Digital Currency Address - USDT
CU-ACT-1414,2024-03-27,BLACKLIST,0xe950dc316b836e4eefb8308bf32bf7c72a1358ff,polygon,55155101,Gaza Now,47635,Digital Currency Address - ETH
CU-ACT-1417,2024-03-27,BLACKLIST,0x21b8d56bda776bbe68655a16895afd96f5534fed,polygon,55155132,Gaza Now,47635,Digital Currency Address - ETH
CU-ACT-1419,2024-05-02,BLACKLIST,0x19f8f2b0915daa12a3f5c9cf01df9e24d53794f7,polygon,56478692,OKO DESIGN BUREAU,48432,Digital Currency Address - ETH
CU-ACT-1421,2024-05-29,BLACKLIST,0xe1d865c3d669dcc8c57c8d023140cb204e672ee4,polygon,57510945,Wang,43421,Digital Currency Address - ETH
CU-ACT-1425,2024-09-30,BLACKLIST,0x0931ca4d13bb4ba75d9b7132ab690265d749a5e7,polygon,62463464,Cryptex,50641,Digital Currency Address - ETH
CU-ACT-1428,2024-12-05,BLACKLIST,0x1999ef52700c34de7ec2b68a28aafb37db0c5ade,polygon,65101862,Magomedov,52071,Digital Currency Address - ETH
CU-ACT-1535,2025-05-29,BLACKLIST,0xd5ed34b52ac4ab84d8fa8a231a3218bbf01ed510,polygon,72123795,Funnull Technology Inc,53953,Digital Currency Address - ETH
CU-ACT-1547,2025-08-14,BLACKLIST,0x12de548f79a50d2bd05481c8515c1ef5183666a9,polygon,75210668,Old Vector LLC,55046,Digital Currency Address - ETH
CU-ACT-1549,2025-08-14,BLACKLIST,0x8dce2aac0de82bdcaf6b4373b79f94331b8e4995,polygon,75210670,GARANTEX EUROPE OU,36025,Digital Currency Address - ETH
CU-ACT-1550,2025-08-14,BLACKLIST,0xf4377eda661e04b6dda78969796ed31658d602d4,polygon,75210671,GARANTEX EUROPE OU,36025,Digital Currency Address - ETH
CU-ACT-1551,2025-08-14,BLACKLIST,0xb338962b92cd818d6aef0a32a9ecd01212a71f33,polygon,75210672,GARANTEX EUROPE OU,36025,Digital Currency Address - ETH
CU-ACT-1552,2025-08-14,BLACKLIST,0x57ec89a0c056163a0314e413320f9b3abe761259,polygon,75210674,GARANTEX EUROPE OU,36025,Digital Currency Address - ETH
CU-ACT-1553,2025-08-14,BLACKLIST,0xd8500c631dc32fa18645b7436344a99e4825e10e,polygon,75210675,GARANTEX EUROPE OU,36025,Digital Currency Address - ETH
CU-ACT-1554,2025-08-14,BLACKLIST,0x7ced75026204ac29c34bea98905d4c949f27361e,polygon,75210676,GARANTEX EUROPE OU,36025,Digital Currency Address - ETH
CU-ACT-1560,2025-09-16,BLACKLIST,0xe3d35f68383732649669aa990832e017340dbca5,polygon,76525729,ALIVAND,55502,Digital Currency Address - ETH
CU-ACT-1561,2025-09-16,BLACKLIST,0x532b77b33a040587e9fd1800088225f99b8b0e8a,polygon,76525769,ALIVAND,55502,Digital Currency Address - ETH
CU-ACT-1566,2025-09-16,BLACKLIST,0xdb2720ebad55399117ddb4c4a4afd9a4ccada8fe,polygon,76525905,DERAKHSHAN,55484,Digital Currency Address - ETH
CU-ACT-1628,2025-11-19,BLACKLIST,0x5d5b5dafecbf31bdb08bfd3edad4f2694372d0ef,polygon,79234934,Sokolovski,56360,Digital Currency Address - ETH
CU-ACT-1629,2025-11-19,BLACKLIST,0xe1e4c5e5ed8f03ae61b581e2def126025f2b9401,polygon,79235062,Sokolovski,56360,Digital Currency Address - ETH
CU-ACT-1631,2025-11-19,BLACKLIST,0xc103b7dc095c904b92081eef0c1640081ec01c10,polygon,79235111,Sokolovski,56360,Digital Currency Address - ETH
CU-ACT-1646,2026-03-12,BLACKLIST,0x95584c303fcd48af5c6b9873015f2ad0ca84eae3,polygon,84108031,Yun,57034,Digital Currency Address - ETH
CU-ACT-1648,2026-03-12,BLACKLIST,0xcb74874f1e06fcf80a306e06e5379a44b488ba2d,polygon,84108212,AMNOKGANG TECHNOLOGY DEVELOPMENT COMPANY,57056,Digital Currency Address - ETH
CU-ACT-1649,2026-03-12,BLACKLIST,0xb637f84b66876ebf609c2a4208905f9ddac9d075,polygon,84108222,Yun,57034,Digital Currency Address - ETH
CU-ACT-1650,2026-03-12,BLACKLIST,0x0330070fd38ec3bb94f58fa55d40368271e9e54a,polygon,84108284,AMNOKGANG TECHNOLOGY DEVELOPMENT COMPANY,57056,Digital Currency Address - ETH
CU-ACT-1651,2026-03-12,BLACKLIST,0x4f47bc496083c727c5fbe3ce9cdf2b0f6496270c,polygon,84108380,Sim,42498,Digital Currency Address - ETH
CU-ACT-1652,2026-03-12,BLACKLIST,0x9be599d7867f5e1a2d7ec6db9710df2b98a15573,polygon,84108389,AMNOKGANG TECHNOLOGY DEVELOPMENT COMPANY,57056,Digital Currency Address - ETH
CU-ACT-1654,2026-03-12,BLACKLIST,0xfb3eff152ea55d1bfa04dbdd509a80fd7b72cdeb,polygon,84108433,Sim,42498,Digital Currency Address - ETH
CU-ACT-1655,2026-03-12,BLACKLIST,0x76ea76ca4eb727f18956ab93445a94c5280412b9,polygon,84108472,Sim,42498,Digital Currency Address - ETH
CU-ACT-1656,2026-03-12,BLACKLIST,0x747afb5c7a7fc34b547cd0fdebf9b91759c5a52b,polygon,84108514,Sim,42498,Digital Currency Address - ETH
CU-ACT-1657,2026-03-12,BLACKLIST,0xd04e33461fea8302c5e1e13895b60cee8aefda7f,polygon,84108623,Sim,42498,Digital Currency Address - ETH
CU-ACT-1658,2026-03-12,BLACKLIST,0xfda1ec4a6178d4916b001a065422d31ebe5f62ff,polygon,84108656,Sim,42498,Digital Currency Address - ETH
CU-ACT-1672,2022-03-30,BLACKLIST,0xd882cfc20f52f2599d84b8e8d58c7fb62cfe344b,avalanche,12756599,KARASAVIDI,29585,Digital Currency Address - ETH
CU-ACT-1673,2022-03-30,BLACKLIST,0x7f367cc41522ce07553e823bf3be79a889debe1b,avalanche,12756984,Potekhin,29584,Digital Currency Address - ETH
CU-ACT-1674,2022-03-30,BLACKLIST,0x1da5821544e25c636c1417ba96ade4cf6d2f9b5a,avalanche,12757005,Secondeye Solution,30518,Digital Currency Address - ETH
CU-ACT-1675,2022-03-30,BLACKLIST,0x7db418b5d567a4e0e8c59ad71be1fce48f3e6107,avalanche,12757022,Secondeye Solution,30518,Digital Currency Address - ETH
CU-ACT-1676,2022-03-30,BLACKLIST,0x72a5843cc08275c8171e582972aa4fda8c397b2a,avalanche,12757036,Secondeye Solution,30518,Digital Currency Address - ETH
CU-ACT-1677,2022-03-30,BLACKLIST,0x7f19720a857f834887fc9a7bc0a0fbe7fc7f8102,avalanche,12757050,Secondeye Solution,30518,Digital Currency Address - ETH
CU-ACT-1678,2022-03-30,BLACKLIST,0x9f4cda013e354b8fc285bf4b9a60460cee7f7ea9,avalanche,12757064,SOUTHFRONT,31212,Digital Currency Address - ETH
CU-ACT-1679,2022-03-30,BLACKLIST,0xa7e5d5a720f06526557c513402f2e6b5fa20b008,avalanche,12757078,Lifshits,29702,Digital Currency Address - ETH
CU-ACT-1680,2022-03-30,BLACKLIST,0x3cbded43efdaf0fc77b9c55f6fc9988fcc9b757d,avalanche,12757092,SOUTHFRONT,31212,Digital Currency Address - ETH
CU-ACT-1681,2022-03-30,BLACKLIST,0x67d40ee1a85bf4a4bb7ffae16de985e8427b6b45,avalanche,12757104,CHATEX,33854,Digital Currency Address - ETH
CU-ACT-1682,2022-03-30,BLACKLIST,0x6f1ca141a28907f78ebaa64fb83a9088b02a8352,avalanche,12757116,CHATEX,33854,Digital Currency Address - ETH
CU-ACT-1683,2022-03-30,BLACKLIST,0x48549a34ae37b12f6a30566245176994e17c6b4a,avalanche,12757252,CHATEX,33854,Digital Currency Address - ETH
CU-ACT-1685,2022-03-30,BLACKLIST,0x5512d943ed1f7c8a43f3435c85f7ab68b30121b0,avalanche,12757281,CHATEX,33854,Digital Currency Address - ETH
CU-ACT-1686,2022-03-30,BLACKLIST,0xc455f7fd3e0e12afd51fba5c106909934d8a0e4a,avalanche,12757300,CHATEX,33854,Digital Currency Address - ETH
CU-ACT-1687,2022-03-30,BLACKLIST,0x2f389ce8bd8ff92de3402ffce4691d17fc4f6535,avalanche,12757315,"SUEX OTC, S.R.O.",33151,Digital Currency Address - ETH
CU-ACT-1688,2022-03-30,BLACKLIST,0x19aa5fe80d33a56d56c78e82ea5e50e5d80b4dff,avalanche,12757327,"SUEX OTC, S.R.O.",33151,Digital Currency Address - ETH
CU-ACT-1689,2022-03-30,BLACKLIST,0xe7aa314c77f4233c18c6cc84384a9247c0cf367b,avalanche,12757344,"SUEX OTC, S.R.O.",33151,Digital Currency Address - ETH
CU-ACT-1690,2022-03-30,BLACKLIST,0x308ed4b7b49797e1a98d3818bff6fe5385410370,avalanche,12757362,"SUEX OTC, S.R.O.",33151,Digital Currency Address - ETH
CU-ACT-1691,2022-03-30,BLACKLIST,0xfec8a60023265364d066a1212fde3930f6ae8da7,avalanche,12757379,Polyanin,33858,Digital Currency Address - USDT
CU-ACT-1692,2022-03-30,BLACKLIST,0x8576acc5c05d6ce88f4e49bf65bdf0c62f91353c,avalanche,12757397,Andreyev,29703,Digital Currency Address - ETH
CU-ACT-1693,2022-03-30,BLACKLIST,0x901bb9583b24d97e995513c6778dc6888ab6870e,avalanche,12757412,Lifshits,29702,Digital Currency Address - ETH
CU-ACT-1694,2022-04-07,BLACKLIST,0x7ff9cfad3877f21d41da833e2f775db0569ee3d9,avalanche,13116507,GARANTEX EUROPE OU,36025,Digital Currency Address - ETH
CU-ACT-1695,2022-04-14,BLACKLIST,0x098b716b8aaf21512996dc57eb0615e2383e2f96,avalanche,13427448,Lazarus Group,27307,Digital Currency Address - ETH
CU-ACT-1696,2022-04-23,BLACKLIST,0xa0e1c89ef1a489c9c7de96311ed5ce5d32c20e4b,avalanche,13801752,Lazarus Group,27307,Digital Currency Address - ETH
CU-ACT-1697,2022-04-23,BLACKLIST,0x3cffd56b47b7b41c56258d9c7731abadc360e073,avalanche,13801783,Lazarus Group,27307,Digital Currency Address - ETH
CU-ACT-1698,2022-04-23,BLACKLIST,0x53b6936513e738f44fb50d2b9476730c0ab3bfc1,avalanche,13802210,Lazarus Group,27307,Digital Currency Address - ETH
CU-ACT-1700,2022-05-06,BLACKLIST,0x35fb6f6db4fb05e6a4ce86f2c93691425626d4b1,avalanche,14363555,Lazarus Group,27307,Digital Currency Address - ETH
CU-ACT-1701,2022-05-06,BLACKLIST,0xf7b31119c2682c88d88d455dbb9d5932c65cf1be,avalanche,14363562,Lazarus Group,27307,Digital Currency Address - ETH
CU-ACT-1702,2022-05-06,BLACKLIST,0x3e37627deaa754090fbfbb8bd226c1ce66d255e9,avalanche,14363565,Lazarus Group,27307,Digital Currency Address - ETH
CU-ACT-1703,2022-05-06,BLACKLIST,0x08723392ed15743cc38513c4925f5e6be5c17243,avalanche,14363567,Lazarus Group,27307,Digital Currency Address - ETH
CU-ACT-1742,2022-09-16,BLACKLIST,0xc2a3829f459b3edd87791c74cd45402ba0a20be3,avalanche,19915478,Task Force Rusich,38665,Digital Currency Address - ETH
CU-ACT-1743,2022-09-16,BLACKLIST,0x3ad9db589d201a710ed237c829c7860ba86510fc,avalanche,19915493,Task Force Rusich,38665,Digital Currency Address - ETH
CU-ACT-1802,2022-11-11,BLACKLIST,0xd0975b32cea532eadddfc9c60481976e39db3472,avalanche,22222142,Grimm,39593,Digital Currency Address - ETH
CU-ACT-1803,2022-11-11,BLACKLIST,0x1967d8af5bd86a497fb3dd7899a020e47560daaf,avalanche,22222153,Grimm,39593,Digital Currency Address - ETH
CU-ACT-1804,2022-11-11,BLACKLIST,0x83e5bc4ffa856bb84bb88581f5dd62a433a25e0d,avalanche,22222163,Peijnenburg,39585,Digital Currency Address - ETH
CU-ACT-1805,2022-11-11,BLACKLIST,0x08b2efdcdb8822efe5ad0eae55517cf5dc544251,avalanche,22222174,Peijnenburg,39585,Digital Currency Address - ETH
CU-ACT-1806,2022-11-11,BLACKLIST,0x04dba1194ee10112fe6c3207c0687def0e78bacf,avalanche,22222183,Peijnenburg,39585,Digital Currency Address - ETH
CU-ACT-1807,2022-11-11,BLACKLIST,0x0ee5067b06776a89ccc7dc8ee369984ad7db5e06,avalanche,22222196,Peijnenburg,39585,Digital Currency Address - ETH
CU-ACT-1808,2022-11-11,BLACKLIST,0x502371699497d08d5339c870851898d6d72521dd,avalanche,22222204,Peijnenburg,39585,Digital Currency Address - ETH
CU-ACT-1809,2022-11-11,BLACKLIST,0x5a14e72060c11313e38738009254a90968f58f51,avalanche,22222215,Peijnenburg,39585,Digital Currency Address - ETH
CU-ACT-1810,2022-11-11,BLACKLIST,0xefe301d259f525ca1ba74a7977b80d5b060b3cca,avalanche,22222223,Peijnenburg,39585,Digital Currency Address - ETH
CU-ACT-1812,2023-02-02,BLACKLIST,0x39d908dac893cbcb53cc86e0ecc369aa4def1a29,avalanche,25745074,Zimenkov,40488,Digital Currency Address - ETH
CU-ACT-1813,2023-04-25,BLACKLIST,0x4f47bc496083c727c5fbe3ce9cdf2b0f6496270c,avalanche,29211653,Sim,42498,Digital Currency Address - ETH
CU-ACT-1814,2023-05-20,BLACKLIST,0x38735f03b30fbc022ddd06abed01f0ca823c6a94,avalanche,30244954,Hanafin,43085,Digital Currency Address - USDT
CU-ACT-1815,2023-05-24,BLACKLIST,0x97b1043abd9e6fc31681635166d430a458d14f9c,avalanche,30432266,Kim,43377,Digital Currency Address - ETH
CU-ACT-1816,2023-05-24,BLACKLIST,0xb6f5ec1a0a9cd1526536d3f0426c429529471f40,avalanche,30432281,Kim,43377,Digital Currency Address - ETH
CU-ACT-1818,2023-08-24,BLACKLIST,0xdcbeffbecce100cce9e4b153c4e15cb885643193,avalanche,34318541,Semenov,44718,Digital Currency Address - ETH
CU-ACT-1819,2023-08-24,BLACKLIST,0x5f48c2a71b2cc96e3f0ccae4e39318ff0dc375b2,avalanche,34318570,Semenov,44718,Digital Currency Address - ETH
CU-ACT-1820,2023-08-24,BLACKLIST,0x5a7a51bfb49f190e5a6060a5bc6052ac14a3b59f,avalanche,34318600,Semenov,44718,Digital Currency Address - ETH
CU-ACT-1821,2023-08-24,BLACKLIST,0xed6e0a7e4ac94d976eebfb82ccf777a3c6bad921,avalanche,34318613,Semenov,44718,Digital Currency Address - ETH
CU-ACT-1822,2023-08-24,BLACKLIST,0x797d7ae72ebddcdea2a346c1834e04d1f8df102b,avalanche,34318627,Semenov,44718,Digital Currency Address - ETH
CU-ACT-1823,2023-08-24,BLACKLIST,0x931546d9e66836abf687d2bc64b30407bac8c568,avalanche,34318639,Semenov,44718,Digital Currency Address - ETH
CU-ACT-1824,2023-08-24,BLACKLIST,0x43fa21d92141ba9db43052492e0deee5aa5f0a93,avalanche,34318657,Semenov,44718,Digital Currency Address - ETH
CU-ACT-1825,2023-08-24,BLACKLIST,0x6be0ae71e6c41f2f9d0d1a3b8d0f75e6f6a0b46e,avalanche,34318675,Semenov,44718,Digital Currency Address - ETH
CU-ACT-1826,2023-09-27,BLACKLIST,0x9c2bc757b66f24d60f016b6237f8cdd414a879fa,avalanche,35709467,Jimenez Castro,44029,Digital Currency Address - ETH
CU-ACT-1827,2023-10-04,BLACKLIST,0x530a64c0ce595026a4a556b703644228179e2d57,avalanche,36000903,Shen,45312,Digital Currency Address - ETH
CU-ACT-1830,2023-10-04,BLACKLIST,0xfac583c0cf07ea434052c49115a4682172ab6b4f,avalanche,36000941,Wang,45404,Digital Currency Address - USDT
CU-ACT-1832,2023-10-04,BLACKLIST,0x961c5be54a2ffc17cf4cb021d863c42dacd47fc1,avalanche,36000968,Zhang,45391,Digital Currency Address - ETH
CU-ACT-1834,2023-10-04,BLACKLIST,0x983a81ca6fb1e441266d2fbcb7d8e530ac2e05a2,avalanche,36000986,"Valerian Labs, Inc.",45314,Digital Currency Address - ETH
CU-ACT-1838,2024-02-21,BLACKLIST,0xf3701f445b6bdafedbca97d1e477357839e4120d,avalanche,41963756,Kondratiev,47682,Digital Currency Address - ETH
CU-ACT-1842,2024-03-27,BLACKLIST,0x175d44451403edf28469df03a9280c1197adb92c,avalanche,43454836,Gaza Now,47635,Digital Currency Address - USDT
CU-ACT-1844,2024-03-27,BLACKLIST,0xe950dc316b836e4eefb8308bf32bf7c72a1358ff,avalanche,43455000,Gaza Now,47635,Digital Currency Address - ETH
CU-ACT-1847,2024-03-27,BLACKLIST,0x21b8d56bda776bbe68655a16895afd96f5534fed,avalanche,43455149,Gaza Now,47635,Digital Currency Address - ETH
CU-ACT-1849,2024-05-02,BLACKLIST,0x19f8f2b0915daa12a3f5c9cf01df9e24d53794f7,avalanche,44919353,OKO DESIGN BUREAU,48432,Digital Currency Address - ETH
CU-ACT-1851,2024-05-29,BLACKLIST,0xe1d865c3d669dcc8c57c8d023140cb204e672ee4,avalanche,46027333,Wang,43421,Digital Currency Address - ETH
CU-ACT-1857,2024-09-27,BLACKLIST,0x0931ca4d13bb4ba75d9b7132ab690265d749a5e7,avalanche,51044556,Cryptex,50641,Digital Currency Address - ETH
CU-ACT-1860,2024-12-05,BLACKLIST,0x1999ef52700c34de7ec2b68a28aafb37db0c5ade,avalanche,53946219,Magomedov,52071,Digital Currency Address - ETH
CU-ACT-1967,2025-05-29,BLACKLIST,0xd5ed34b52ac4ab84d8fa8a231a3218bbf01ed510,avalanche,62958148,Funnull Technology Inc,53953,Digital Currency Address - ETH
CU-ACT-1977,2025-08-14,BLACKLIST,0x12de548f79a50d2bd05481c8515c1ef5183666a9,avalanche,67077777,Old Vector LLC,55046,Digital Currency Address - ETH
CU-ACT-1979,2025-08-14,BLACKLIST,0x8dce2aac0de82bdcaf6b4373b79f94331b8e4995,avalanche,67077782,GARANTEX EUROPE OU,36025,Digital Currency Address - ETH
CU-ACT-1980,2025-08-14,BLACKLIST,0xf4377eda661e04b6dda78969796ed31658d602d4,avalanche,67077783,GARANTEX EUROPE OU,36025,Digital Currency Address - ETH
CU-ACT-1981,2025-08-14,BLACKLIST,0xb338962b92cd818d6aef0a32a9ecd01212a71f33,avalanche,67077784,GARANTEX EUROPE OU,36025,Digital Currency Address - ETH
CU-ACT-1982,2025-08-14,BLACKLIST,0x57ec89a0c056163a0314e413320f9b3abe761259,avalanche,67077785,GARANTEX EUROPE OU,36025,Digital Currency Address - ETH
CU-ACT-1983,2025-08-14,BLACKLIST,0xd8500c631dc32fa18645b7436344a99e4825e10e,avalanche,67077787,GARANTEX EUROPE OU,36025,Digital Currency Address - ETH
CU-ACT-1984,2025-08-14,BLACKLIST,0x7ced75026204ac29c34bea98905d4c949f27361e,avalanche,67077789,GARANTEX EUROPE OU,36025,Digital Currency Address - ETH
CU-ACT-1990,2025-09-16,BLACKLIST,0xe3d35f68383732649669aa990832e017340dbca5,avalanche,68836288,ALIVAND,55502,Digital Currency Address - ETH
CU-ACT-1992,2025-09-16,BLACKLIST,0x532b77b33a040587e9fd1800088225f99b8b0e8a,avalanche,68836345,ALIVAND,55502,Digital Currency Address - ETH
CU-ACT-1994,2025-09-16,BLACKLIST,0xdb2720ebad55399117ddb4c4a4afd9a4ccada8fe,avalanche,68836450,DERAKHSHAN,55484,Digital Currency Address - ETH
CU-ACT-2055,2025-11-19,BLACKLIST,0x5d5b5dafecbf31bdb08bfd3edad4f2694372d0ef,avalanche,72243772,Sokolovski,56360,Digital Currency Address - ETH
CU-ACT-2056,2025-11-19,BLACKLIST,0xc103b7dc095c904b92081eef0c1640081ec01c10,avalanche,72243807,Sokolovski,56360,Digital Currency Address - ETH
CU-ACT-2059,2025-11-19,BLACKLIST,0xe1e4c5e5ed8f03ae61b581e2def126025f2b9401,avalanche,72244047,Sokolovski,56360,Digital Currency Address - ETH
CU-ACT-2071,2026-03-12,BLACKLIST,0xb637f84b66876ebf609c2a4208905f9ddac9d075,avalanche,80224535,Yun,57034,Digital Currency Address - ETH
CU-ACT-2073,2026-03-12,BLACKLIST,0x95584c303fcd48af5c6b9873015f2ad0ca84eae3,avalanche,80224686,Yun,57034,Digital Currency Address - ETH
CU-ACT-2075,2026-03-12,BLACKLIST,0x0330070fd38ec3bb94f58fa55d40368271e9e54a,avalanche,80224909,AMNOKGANG TECHNOLOGY DEVELOPMENT COMPANY,57056,Digital Currency Address - ETH
CU-ACT-2076,2026-03-12,BLACKLIST,0xcb74874f1e06fcf80a306e06e5379a44b488ba2d,avalanche,80225012,AMNOKGANG TECHNOLOGY DEVELOPMENT COMPANY,57056,Digital Currency Address - ETH
CU-ACT-2077,2026-03-12,BLACKLIST,0x9be599d7867f5e1a2d7ec6db9710df2b98a15573,avalanche,80225135,AMNOKGANG TECHNOLOGY DEVELOPMENT COMPANY,57056,Digital Currency Address - ETH
CU-ACT-2078,2026-03-12,BLACKLIST,0x4f47bc496083c727c5fbe3ce9cdf2b0f6496270c,avalanche,80225189,Sim,42498,Digital Currency Address - ETH
CU-ACT-2079,2026-03-12,BLACKLIST,0xd04e33461fea8302c5e1e13895b60cee8aefda7f,avalanche,80225254,Sim,42498,Digital Currency Address - ETH
CU-ACT-2080,2026-03-12,BLACKLIST,0xfb3eff152ea55d1bfa04dbdd509a80fd7b72cdeb,avalanche,80225256,Sim,42498,Digital Currency Address - ETH
CU-ACT-2081,2026-03-12,BLACKLIST,0xfda1ec4a6178d4916b001a065422d31ebe5f62ff,avalanche,80225563,Sim,42498,Digital Currency Address - ETH
CU-ACT-2082,2026-03-12,BLACKLIST,0x76ea76ca4eb727f18956ab93445a94c5280412b9,avalanche,80225685,Sim,42498,Digital Currency Address - ETH
CU-ACT-2083,2026-03-12,BLACKLIST,0x747afb5c7a7fc34b547cd0fdebf9b91759c5a52b,avalanche,80225729,Sim,42498,Digital Currency Address - ETH
CU-ACT-2092,2023-06-08,BLACKLIST,0xd882cfc20f52f2599d84b8e8d58c7fb62cfe344b,arbitrum,98957112,KARASAVIDI,29585,Digital Currency Address - ETH
CU-ACT-2093,2023-06-08,BLACKLIST,0x7f367cc41522ce07553e823bf3be79a889debe1b,arbitrum,98957268,Potekhin,29584,Digital Currency Address - ETH
CU-ACT-2094,2023-06-08,BLACKLIST,0x1da5821544e25c636c1417ba96ade4cf6d2f9b5a,arbitrum,98957385,Secondeye Solution,30518,Digital Currency Address - ETH
CU-ACT-2095,2023-06-08,BLACKLIST,0x7db418b5d567a4e0e8c59ad71be1fce48f3e6107,arbitrum,98959520,Secondeye Solution,30518,Digital Currency Address - ETH
CU-ACT-2096,2023-06-08,BLACKLIST,0x72a5843cc08275c8171e582972aa4fda8c397b2a,arbitrum,98960403,Secondeye Solution,30518,Digital Currency Address - ETH
CU-ACT-2097,2023-06-08,BLACKLIST,0x7f19720a857f834887fc9a7bc0a0fbe7fc7f8102,arbitrum,98960587,Secondeye Solution,30518,Digital Currency Address - ETH
CU-ACT-2098,2023-06-08,BLACKLIST,0x9f4cda013e354b8fc285bf4b9a60460cee7f7ea9,arbitrum,98960861,SOUTHFRONT,31212,Digital Currency Address - ETH
CU-ACT-2099,2023-06-08,BLACKLIST,0xa7e5d5a720f06526557c513402f2e6b5fa20b008,arbitrum,98961115,Lifshits,29702,Digital Currency Address - ETH
CU-ACT-2100,2023-06-08,BLACKLIST,0x3cbded43efdaf0fc77b9c55f6fc9988fcc9b757d,arbitrum,98961341,SOUTHFRONT,31212,Digital Currency Address - ETH
CU-ACT-2101,2023-06-08,BLACKLIST,0x67d40ee1a85bf4a4bb7ffae16de985e8427b6b45,arbitrum,98961594,CHATEX,33854,Digital Currency Address - ETH
CU-ACT-2102,2023-06-08,BLACKLIST,0x6f1ca141a28907f78ebaa64fb83a9088b02a8352,arbitrum,98961813,CHATEX,33854,Digital Currency Address - ETH
CU-ACT-2104,2023-06-08,BLACKLIST,0x48549a34ae37b12f6a30566245176994e17c6b4a,arbitrum,98962256,CHATEX,33854,Digital Currency Address - ETH
CU-ACT-2105,2023-06-08,BLACKLIST,0x5512d943ed1f7c8a43f3435c85f7ab68b30121b0,arbitrum,98962442,CHATEX,33854,Digital Currency Address - ETH
CU-ACT-2106,2023-06-08,BLACKLIST,0xc455f7fd3e0e12afd51fba5c106909934d8a0e4a,arbitrum,98962666,CHATEX,33854,Digital Currency Address - ETH
CU-ACT-2107,2023-06-08,BLACKLIST,0x2f389ce8bd8ff92de3402ffce4691d17fc4f6535,arbitrum,98962879,"SUEX OTC, S.R.O.",33151,Digital Currency Address - ETH
CU-ACT-2108,2023-06-08,BLACKLIST,0x19aa5fe80d33a56d56c78e82ea5e50e5d80b4dff,arbitrum,98963142,"SUEX OTC, S.R.O.",33151,Digital Currency Address - ETH
CU-ACT-2109,2023-06-08,BLACKLIST,0xe7aa314c77f4233c18c6cc84384a9247c0cf367b,arbitrum,98963396,"SUEX OTC, S.R.O.",33151,Digital Currency Address - ETH
CU-ACT-2110,2023-06-08,BLACKLIST,0x308ed4b7b49797e1a98d3818bff6fe5385410370,arbitrum,98963624,"SUEX OTC, S.R.O.",33151,Digital Currency Address - ETH
CU-ACT-2111,2023-06-08,BLACKLIST,0xfec8a60023265364d066a1212fde3930f6ae8da7,arbitrum,98963855,Polyanin,33858,Digital Currency Address - USDT
CU-ACT-2112,2023-06-08,BLACKLIST,0x8576acc5c05d6ce88f4e49bf65bdf0c62f91353c,arbitrum,98964051,Andreyev,29703,Digital Currency Address - ETH
CU-ACT-2113,2023-06-08,BLACKLIST,0x901bb9583b24d97e995513c6778dc6888ab6870e,arbitrum,98964311,Lifshits,29702,Digital Currency Address - ETH
CU-ACT-2114,2023-06-08,BLACKLIST,0x7ff9cfad3877f21d41da833e2f775db0569ee3d9,arbitrum,98964516,GARANTEX EUROPE OU,36025,Digital Currency Address - ETH
CU-ACT-2115,2023-06-08,BLACKLIST,0x098b716b8aaf21512996dc57eb0615e2383e2f96,arbitrum,98964818,Lazarus Group,27307,Digital Currency Address - ETH
CU-ACT-2116,2023-06-08,BLACKLIST,0xa0e1c89ef1a489c9c7de96311ed5ce5d32c20e4b,arbitrum,98965018,Lazarus Group,27307,Digital Currency Address - ETH
CU-ACT-2117,2023-06-08,BLACKLIST,0x3cffd56b47b7b41c56258d9c7731abadc360e073,arbitrum,98965257,Lazarus Group,27307,Digital Currency Address - ETH
CU-ACT-2118,2023-06-08,BLACKLIST,0x53b6936513e738f44fb50d2b9476730c0ab3bfc1,arbitrum,98965454,Lazarus Group,27307,Digital Currency Address - ETH
CU-ACT-2120,2023-06-08,BLACKLIST,0x35fb6f6db4fb05e6a4ce86f2c93691425626d4b1,arbitrum,98965927,Lazarus Group,27307,Digital Currency Address - ETH
CU-ACT-2121,2023-06-08,BLACKLIST,0xf7b31119c2682c88d88d455dbb9d5932c65cf1be,arbitrum,98966177,Lazarus Group,27307,Digital Currency Address - ETH
CU-ACT-2122,2023-06-08,BLACKLIST,0x3e37627deaa754090fbfbb8bd226c1ce66d255e9,arbitrum,98966515,Lazarus Group,27307,Digital Currency Address - ETH
CU-ACT-2123,2023-06-08,BLACKLIST,0x08723392ed15743cc38513c4925f5e6be5c17243,arbitrum,98966742,Lazarus Group,27307,Digital Currency Address - ETH
CU-ACT-2161,2023-06-08,BLACKLIST,0xc2a3829f459b3edd87791c74cd45402ba0a20be3,arbitrum,98992151,Task Force Rusich,38665,Digital Currency Address - ETH
CU-ACT-2162,2023-06-08,BLACKLIST,0x3ad9db589d201a710ed237c829c7860ba86510fc,arbitrum,98997998,Task Force Rusich,38665,Digital Currency Address - ETH
CU-ACT-2217,2023-06-08,BLACKLIST,0xd0975b32cea532eadddfc9c60481976e39db3472,arbitrum,98998166,Grimm,39593,Digital Currency Address - ETH
CU-ACT-2218,2023-06-08,BLACKLIST,0x1967d8af5bd86a497fb3dd7899a020e47560daaf,arbitrum,98998169,Grimm,39593,Digital Currency Address - ETH
CU-ACT-2219,2023-06-08,BLACKLIST,0x83e5bc4ffa856bb84bb88581f5dd62a433a25e0d,arbitrum,98998171,Peijnenburg,39585,Digital Currency Address - ETH
CU-ACT-2220,2023-06-08,BLACKLIST,0x08b2efdcdb8822efe5ad0eae55517cf5dc544251,arbitrum,98998174,Peijnenburg,39585,Digital Currency Address - ETH
CU-ACT-2221,2023-06-08,BLACKLIST,0x04dba1194ee10112fe6c3207c0687def0e78bacf,arbitrum,98998177,Peijnenburg,39585,Digital Currency Address - ETH
CU-ACT-2222,2023-06-08,BLACKLIST,0x0ee5067b06776a89ccc7dc8ee369984ad7db5e06,arbitrum,98998179,Peijnenburg,39585,Digital Currency Address - ETH
CU-ACT-2223,2023-06-08,BLACKLIST,0x502371699497d08d5339c870851898d6d72521dd,arbitrum,98998181,Peijnenburg,39585,Digital Currency Address - ETH
CU-ACT-2224,2023-06-08,BLACKLIST,0x5a14e72060c11313e38738009254a90968f58f51,arbitrum,98998183,Peijnenburg,39585,Digital Currency Address - ETH
CU-ACT-2225,2023-06-08,BLACKLIST,0xefe301d259f525ca1ba74a7977b80d5b060b3cca,arbitrum,98998186,Peijnenburg,39585,Digital Currency Address - ETH
CU-ACT-2226,2023-06-08,BLACKLIST,0x39d908dac893cbcb53cc86e0ecc369aa4def1a29,arbitrum,98998188,Zimenkov,40488,Digital Currency Address - ETH
CU-ACT-2227,2023-06-08,BLACKLIST,0x4f47bc496083c727c5fbe3ce9cdf2b0f6496270c,arbitrum,98998191,Sim,42498,Digital Currency Address - ETH
CU-ACT-2228,2023-06-08,BLACKLIST,0x38735f03b30fbc022ddd06abed01f0ca823c6a94,arbitrum,98998194,Hanafin,43085,Digital Currency Address - USDT
CU-ACT-2229,2023-06-08,BLACKLIST,0x97b1043abd9e6fc31681635166d430a458d14f9c,arbitrum,98998197,Kim,43377,Digital Currency Address - ETH
CU-ACT-2230,2023-06-08,BLACKLIST,0xb6f5ec1a0a9cd1526536d3f0426c429529471f40,arbitrum,98998200,Kim,43377,Digital Currency Address - ETH
CU-ACT-2232,2023-08-24,BLACKLIST,0xdcbeffbecce100cce9e4b153c4e15cb885643193,arbitrum,124501472,Semenov,44718,Digital Currency Address - ETH
CU-ACT-2233,2023-08-24,BLACKLIST,0x5f48c2a71b2cc96e3f0ccae4e39318ff0dc375b2,arbitrum,124501567,Semenov,44718,Digital Currency Address - ETH
CU-ACT-2234,2023-08-24,BLACKLIST,0x5a7a51bfb49f190e5a6060a5bc6052ac14a3b59f,arbitrum,124501629,Semenov,44718,Digital Currency Address - ETH
CU-ACT-2235,2023-08-24,BLACKLIST,0xed6e0a7e4ac94d976eebfb82ccf777a3c6bad921,arbitrum,124501717,Semenov,44718,Digital Currency Address - ETH
CU-ACT-2236,2023-08-24,BLACKLIST,0x797d7ae72ebddcdea2a346c1834e04d1f8df102b,arbitrum,124501799,Semenov,44718,Digital Currency Address - ETH
CU-ACT-2237,2023-08-24,BLACKLIST,0x931546d9e66836abf687d2bc64b30407bac8c568,arbitrum,124501897,Semenov,44718,Digital Currency Address - ETH
CU-ACT-2238,2023-08-24,BLACKLIST,0x43fa21d92141ba9db43052492e0deee5aa5f0a93,arbitrum,124501969,Semenov,44718,Digital Currency Address - ETH
CU-ACT-2239,2023-08-24,BLACKLIST,0x6be0ae71e6c41f2f9d0d1a3b8d0f75e6f6a0b46e,arbitrum,124502047,Semenov,44718,Digital Currency Address - ETH
CU-ACT-2240,2023-09-27,BLACKLIST,0x9c2bc757b66f24d60f016b6237f8cdd414a879fa,arbitrum,135093615,Jimenez Castro,44029,Digital Currency Address - ETH
CU-ACT-2241,2023-10-04,BLACKLIST,0x530a64c0ce595026a4a556b703644228179e2d57,arbitrum,137276064,Shen,45312,Digital Currency Address - ETH
CU-ACT-2244,2023-10-04,BLACKLIST,0xfac583c0cf07ea434052c49115a4682172ab6b4f,arbitrum,137276336,Wang,45404,Digital Currency Address - USDT
CU-ACT-2246,2023-10-04,BLACKLIST,0x961c5be54a2ffc17cf4cb021d863c42dacd47fc1,arbitrum,137276459,Zhang,45391,Digital Currency Address - ETH
CU-ACT-2248,2023-10-04,BLACKLIST,0x983a81ca6fb1e441266d2fbcb7d8e530ac2e05a2,arbitrum,137276572,"Valerian Labs, Inc.",45314,Digital Currency Address - ETH
CU-ACT-2250,2024-02-21,BLACKLIST,0xf3701f445b6bdafedbca97d1e477357839e4120d,arbitrum,183002426,Kondratiev,47682,Digital Currency Address - ETH
CU-ACT-2254,2024-03-27,BLACKLIST,0x175d44451403edf28469df03a9280c1197adb92c,arbitrum,194867279,Gaza Now,47635,Digital Currency Address - USDT
CU-ACT-2256,2024-03-27,BLACKLIST,0xe950dc316b836e4eefb8308bf32bf7c72a1358ff,arbitrum,194873044,Gaza Now,47635,Digital Currency Address - ETH
CU-ACT-2259,2024-03-27,BLACKLIST,0x21b8d56bda776bbe68655a16895afd96f5534fed,arbitrum,194873498,Gaza Now,47635,Digital Currency Address - ETH
CU-ACT-2261,2024-05-02,BLACKLIST,0x19f8f2b0915daa12a3f5c9cf01df9e24d53794f7,arbitrum,207170613,OKO DESIGN BUREAU,48432,Digital Currency Address - ETH
CU-ACT-2264,2024-05-29,BLACKLIST,0xe1d865c3d669dcc8c57c8d023140cb204e672ee4,arbitrum,216092764,Wang,43421,Digital Currency Address - ETH
CU-ACT-2268,2024-09-27,BLACKLIST,0x0931ca4d13bb4ba75d9b7132ab690265d749a5e7,arbitrum,257751594,Cryptex,50641,Digital Currency Address - ETH
CU-ACT-2272,2024-12-05,BLACKLIST,0x1999ef52700c34de7ec2b68a28aafb37db0c5ade,arbitrum,281498281,Magomedov,52071,Digital Currency Address - ETH
CU-ACT-2379,2025-05-29,BLACKLIST,0xd5ed34b52ac4ab84d8fa8a231a3218bbf01ed510,arbitrum,341859938,Funnull Technology Inc,53953,Digital Currency Address - ETH
CU-ACT-2391,2025-08-14,BLACKLIST,0x12de548f79a50d2bd05481c8515c1ef5183666a9,arbitrum,368469903,Old Vector LLC,55046,Digital Currency Address - ETH
CU-ACT-2393,2025-08-14,BLACKLIST,0x8dce2aac0de82bdcaf6b4373b79f94331b8e4995,arbitrum,368469910,GARANTEX EUROPE OU,36025,Digital Currency Address - ETH
CU-ACT-2394,2025-08-14,BLACKLIST,0xf4377eda661e04b6dda78969796ed31658d602d4,arbitrum,368469913,GARANTEX EUROPE OU,36025,Digital Currency Address - ETH
CU-ACT-2395,2025-08-14,BLACKLIST,0xb338962b92cd818d6aef0a32a9ecd01212a71f33,arbitrum,368469916,GARANTEX EUROPE OU,36025,Digital Currency Address - ETH
CU-ACT-2396,2025-08-14,BLACKLIST,0x57ec89a0c056163a0314e413320f9b3abe761259,arbitrum,368469919,GARANTEX EUROPE OU,36025,Digital Currency Address - ETH
CU-ACT-2397,2025-08-14,BLACKLIST,0xd8500c631dc32fa18645b7436344a99e4825e10e,arbitrum,368469922,GARANTEX EUROPE OU,36025,Digital Currency Address - ETH
CU-ACT-2398,2025-08-14,BLACKLIST,0x7ced75026204ac29c34bea98905d4c949f27361e,arbitrum,368469925,GARANTEX EUROPE OU,36025,Digital Currency Address - ETH
CU-ACT-2406,2025-09-16,BLACKLIST,0xe3d35f68383732649669aa990832e017340dbca5,arbitrum,379800818,ALIVAND,55502,Digital Currency Address - ETH
CU-ACT-2408,2025-09-16,BLACKLIST,0x532b77b33a040587e9fd1800088225f99b8b0e8a,arbitrum,379801193,ALIVAND,55502,Digital Currency Address - ETH
CU-ACT-2412,2025-09-16,BLACKLIST,0xdb2720ebad55399117ddb4c4a4afd9a4ccada8fe,arbitrum,379802494,DERAKHSHAN,55484,Digital Currency Address - ETH
CU-ACT-2475,2025-11-19,BLACKLIST,0x5d5b5dafecbf31bdb08bfd3edad4f2694372d0ef,arbitrum,401972812,Sokolovski,56360,Digital Currency Address - ETH
CU-ACT-2476,2025-11-19,BLACKLIST,0xc103b7dc095c904b92081eef0c1640081ec01c10,arbitrum,401972863,Sokolovski,56360,Digital Currency Address - ETH
CU-ACT-2477,2025-11-19,BLACKLIST,0xe1e4c5e5ed8f03ae61b581e2def126025f2b9401,arbitrum,401973070,Sokolovski,56360,Digital Currency Address - ETH
CU-ACT-2491,2026-03-12,BLACKLIST,0xb637f84b66876ebf609c2a4208905f9ddac9d075,arbitrum,441082059,Yun,57034,Digital Currency Address - ETH
CU-ACT-2492,2026-03-12,BLACKLIST,0x95584c303fcd48af5c6b9873015f2ad0ca84eae3,arbitrum,441082275,Yun,57034,Digital Currency Address - ETH
CU-ACT-2493,2026-03-12,BLACKLIST,0xcb74874f1e06fcf80a306e06e5379a44b488ba2d,arbitrum,441082976,AMNOKGANG TECHNOLOGY DEVELOPMENT COMPANY,57056,Digital Currency Address - ETH
CU-ACT-2494,2026-03-12,BLACKLIST,0x4f47bc496083c727c5fbe3ce9cdf2b0f6496270c,arbitrum,441083795,Sim,42498,Digital Currency Address - ETH
CU-ACT-2495,2026-03-12,BLACKLIST,0xd04e33461fea8302c5e1e13895b60cee8aefda7f,arbitrum,441084308,Sim,42498,Digital Currency Address - ETH
CU-ACT-2496,2026-03-12,BLACKLIST,0x76ea76ca4eb727f18956ab93445a94c5280412b9,arbitrum,441085062,Sim,42498,Digital Currency Address - ETH
CU-ACT-2497,2026-03-12,BLACKLIST,0x0330070fd38ec3bb94f58fa55d40368271e9e54a,arbitrum,441085446,AMNOKGANG TECHNOLOGY DEVELOPMENT COMPANY,57056,Digital Currency Address - ETH
CU-ACT-2498,2026-03-12,BLACKLIST,0x9be599d7867f5e1a2d7ec6db9710df2b98a15573,arbitrum,441085535,AMNOKGANG TECHNOLOGY DEVELOPMENT COMPANY,57056,Digital Currency Address - ETH
CU-ACT-2499,2026-03-12,BLACKLIST,0x747afb5c7a7fc34b547cd0fdebf9b91759c5a52b,arbitrum,441086330,Sim,42498,Digital Currency Address - ETH
CU-ACT-2500,2026-03-12,BLACKLIST,0xfb3eff152ea55d1bfa04dbdd509a80fd7b72cdeb,arbitrum,441086461,Sim,42498,Digital Currency Address - ETH
CU-ACT-2502,2026-03-12,BLACKLIST,0xfda1ec4a6178d4916b001a065422d31ebe5f62ff,arbitrum,441087777,Sim,42498,Digital Currency Address - ETH
CU-ACT-2514,2023-07-31,BLACKLIST,0xd882cfc20f52f2599d84b8e8d58c7fb62cfe344b,optimism,107608515,KARASAVIDI,29585,Digital Currency Address - ETH
CU-ACT-2515,2023-07-31,BLACKLIST,0x7f367cc41522ce07553e823bf3be79a889debe1b,optimism,107608530,Potekhin,29584,Digital Currency Address - ETH
CU-ACT-2516,2023-07-31,BLACKLIST,0x1da5821544e25c636c1417ba96ade4cf6d2f9b5a,optimism,107608540,Secondeye Solution,30518,Digital Currency Address - ETH
CU-ACT-2517,2023-07-31,BLACKLIST,0x7db418b5d567a4e0e8c59ad71be1fce48f3e6107,optimism,107608549,Secondeye Solution,30518,Digital Currency Address - ETH
CU-ACT-2518,2023-07-31,BLACKLIST,0x72a5843cc08275c8171e582972aa4fda8c397b2a,optimism,107608560,Secondeye Solution,30518,Digital Currency Address - ETH
CU-ACT-2519,2023-07-31,BLACKLIST,0x7f19720a857f834887fc9a7bc0a0fbe7fc7f8102,optimism,107608568,Secondeye Solution,30518,Digital Currency Address - ETH
CU-ACT-2520,2023-07-31,BLACKLIST,0x9f4cda013e354b8fc285bf4b9a60460cee7f7ea9,optimism,107608578,SOUTHFRONT,31212,Digital Currency Address - ETH
CU-ACT-2521,2023-07-31,BLACKLIST,0xa7e5d5a720f06526557c513402f2e6b5fa20b008,optimism,107608588,Lifshits,29702,Digital Currency Address - ETH
CU-ACT-2522,2023-07-31,BLACKLIST,0x3cbded43efdaf0fc77b9c55f6fc9988fcc9b757d,optimism,107608601,SOUTHFRONT,31212,Digital Currency Address - ETH
CU-ACT-2523,2023-07-31,BLACKLIST,0x67d40ee1a85bf4a4bb7ffae16de985e8427b6b45,optimism,107608617,CHATEX,33854,Digital Currency Address - ETH
CU-ACT-2524,2023-07-31,BLACKLIST,0x6f1ca141a28907f78ebaa64fb83a9088b02a8352,optimism,107608624,CHATEX,33854,Digital Currency Address - ETH
CU-ACT-2526,2023-07-31,BLACKLIST,0x48549a34ae37b12f6a30566245176994e17c6b4a,optimism,107608644,CHATEX,33854,Digital Currency Address - ETH
CU-ACT-2527,2023-07-31,BLACKLIST,0x5512d943ed1f7c8a43f3435c85f7ab68b30121b0,optimism,107608652,CHATEX,33854,Digital Currency Address - ETH
CU-ACT-2528,2023-07-31,BLACKLIST,0xc455f7fd3e0e12afd51fba5c106909934d8a0e4a,optimism,107608662,CHATEX,33854,Digital Currency Address - ETH
CU-ACT-2529,2023-07-31,BLACKLIST,0x2f389ce8bd8ff92de3402ffce4691d17fc4f6535,optimism,107608670,"SUEX OTC, S.R.O.",33151,Digital Currency Address - ETH
CU-ACT-2530,2023-07-31,BLACKLIST,0x19aa5fe80d33a56d56c78e82ea5e50e5d80b4dff,optimism,107608679,"SUEX OTC, S.R.O.",33151,Digital Currency Address - ETH
CU-ACT-2531,2023-07-31,BLACKLIST,0xe7aa314c77f4233c18c6cc84384a9247c0cf367b,optimism,107608688,"SUEX OTC, S.R.O.",33151,Digital Currency Address - ETH
CU-ACT-2532,2023-07-31,BLACKLIST,0x308ed4b7b49797e1a98d3818bff6fe5385410370,optimism,107608698,"SUEX OTC, S.R.O.",33151,Digital Currency Address - ETH
CU-ACT-2533,2023-07-31,BLACKLIST,0xfec8a60023265364d066a1212fde3930f6ae8da7,optimism,107608707,Polyanin,33858,Digital Currency Address - USDT
CU-ACT-2534,2023-07-31,BLACKLIST,0x8576acc5c05d6ce88f4e49bf65bdf0c62f91353c,optimism,107608715,Andreyev,29703,Digital Currency Address - ETH
CU-ACT-2535,2023-07-31,BLACKLIST,0x901bb9583b24d97e995513c6778dc6888ab6870e,optimism,107608723,Lifshits,29702,Digital Currency Address - ETH
CU-ACT-2536,2023-07-31,BLACKLIST,0x7ff9cfad3877f21d41da833e2f775db0569ee3d9,optimism,107608731,GARANTEX EUROPE OU,36025,Digital Currency Address - ETH
CU-ACT-2537,2023-07-31,BLACKLIST,0x098b716b8aaf21512996dc57eb0615e2383e2f96,optimism,107608753,Lazarus Group,27307,Digital Currency Address - ETH
CU-ACT-2538,2023-07-31,BLACKLIST,0xa0e1c89ef1a489c9c7de96311ed5ce5d32c20e4b,optimism,107608762,Lazarus Group,27307,Digital Currency Address - ETH
CU-ACT-2539,2023-07-31,BLACKLIST,0x3cffd56b47b7b41c56258d9c7731abadc360e073,optimism,107608770,Lazarus Group,27307,Digital Currency Address - ETH
CU-ACT-2540,2023-07-31,BLACKLIST,0x53b6936513e738f44fb50d2b9476730c0ab3bfc1,optimism,107608778,Lazarus Group,27307,Digital Currency Address - ETH
CU-ACT-2542,2023-07-31,BLACKLIST,0x35fb6f6db4fb05e6a4ce86f2c93691425626d4b1,optimism,107608795,Lazarus Group,27307,Digital Currency Address - ETH
CU-ACT-2543,2023-07-31,BLACKLIST,0xf7b31119c2682c88d88d455dbb9d5932c65cf1be,optimism,107608807,Lazarus Group,27307,Digital Currency Address - ETH
CU-ACT-2544,2023-07-31,BLACKLIST,0x3e37627deaa754090fbfbb8bd226c1ce66d255e9,optimism,107608814,Lazarus Group,27307,Digital Currency Address - ETH
CU-ACT-2545,2023-07-31,BLACKLIST,0x08723392ed15743cc38513c4925f5e6be5c17243,optimism,107608823,Lazarus Group,27307,Digital Currency Address - ETH
CU-ACT-2583,2023-07-31,BLACKLIST,0xc2a3829f459b3edd87791c74cd45402ba0a20be3,optimism,107610396,Task Force Rusich,38665,Digital Currency Address - ETH
CU-ACT-2584,2023-07-31,BLACKLIST,0x3ad9db589d201a710ed237c829c7860ba86510fc,optimism,107610426,Task Force Rusich,38665,Digital Currency Address - ETH
CU-ACT-2639,2023-07-31,BLACKLIST,0xd0975b32cea532eadddfc9c60481976e39db3472,optimism,107611025,Grimm,39593,Digital Currency Address - ETH
CU-ACT-2640,2023-07-31,BLACKLIST,0x1967d8af5bd86a497fb3dd7899a020e47560daaf,optimism,107611028,Grimm,39593,Digital Currency Address - ETH
CU-ACT-2641,2023-07-31,BLACKLIST,0x83e5bc4ffa856bb84bb88581f5dd62a433a25e0d,optimism,107611077,Peijnenburg,39585,Digital Currency Address - ETH
CU-ACT-2642,2023-07-31,BLACKLIST,0x08b2efdcdb8822efe5ad0eae55517cf5dc544251,optimism,107611079,Peijnenburg,39585,Digital Currency Address - ETH
CU-ACT-2643,2023-07-31,BLACKLIST,0x04dba1194ee10112fe6c3207c0687def0e78bacf,optimism,107611082,Peijnenburg,39585,Digital Currency Address - ETH
CU-ACT-2644,2023-07-31,BLACKLIST,0x0ee5067b06776a89ccc7dc8ee369984ad7db5e06,optimism,107611085,Peijnenburg,39585,Digital Currency Address - ETH
CU-ACT-2645,2023-07-31,BLACKLIST,0x502371699497d08d5339c870851898d6d72521dd,optimism,107611087,Peijnenburg,39585,Digital Currency Address - ETH
CU-ACT-2646,2023-07-31,BLACKLIST,0x5a14e72060c11313e38738009254a90968f58f51,optimism,107611131,Peijnenburg,39585,Digital Currency Address - ETH
CU-ACT-2647,2023-07-31,BLACKLIST,0xefe301d259f525ca1ba74a7977b80d5b060b3cca,optimism,107611133,Peijnenburg,39585,Digital Currency Address - ETH
CU-ACT-2648,2023-07-31,BLACKLIST,0x39d908dac893cbcb53cc86e0ecc369aa4def1a29,optimism,107611136,Zimenkov,40488,Digital Currency Address - ETH
CU-ACT-2649,2023-07-31,BLACKLIST,0x4f47bc496083c727c5fbe3ce9cdf2b0f6496270c,optimism,107611139,Sim,42498,Digital Currency Address - ETH
CU-ACT-2650,2023-07-31,BLACKLIST,0x38735f03b30fbc022ddd06abed01f0ca823c6a94,optimism,107611141,Hanafin,43085,Digital Currency Address - USDT
CU-ACT-2651,2023-07-31,BLACKLIST,0x97b1043abd9e6fc31681635166d430a458d14f9c,optimism,107611144,Kim,43377,Digital Currency Address - ETH
CU-ACT-2652,2023-07-31,BLACKLIST,0xb6f5ec1a0a9cd1526536d3f0426c429529471f40,optimism,107611146,Kim,43377,Digital Currency Address - ETH
CU-ACT-2654,2023-08-24,BLACKLIST,0xdcbeffbecce100cce9e4b153c4e15cb885643193,optimism,108640865,Semenov,44718,Digital Currency Address - ETH
CU-ACT-2655,2023-08-24,BLACKLIST,0x5f48c2a71b2cc96e3f0ccae4e39318ff0dc375b2,optimism,108640876,Semenov,44718,Digital Currency Address - ETH
CU-ACT-2656,2023-08-24,BLACKLIST,0x5a7a51bfb49f190e5a6060a5bc6052ac14a3b59f,optimism,108640884,Semenov,44718,Digital Currency Address - ETH
CU-ACT-2657,2023-08-24,BLACKLIST,0xed6e0a7e4ac94d976eebfb82ccf777a3c6bad921,optimism,108640892,Semenov,44718,Digital Currency Address - ETH
CU-ACT-2658,2023-08-24,BLACKLIST,0x797d7ae72ebddcdea2a346c1834e04d1f8df102b,optimism,108640904,Semenov,44718,Digital Currency Address - ETH
CU-ACT-2659,2023-08-24,BLACKLIST,0x931546d9e66836abf687d2bc64b30407bac8c568,optimism,108640913,Semenov,44718,Digital Currency Address - ETH
CU-ACT-2660,2023-08-24,BLACKLIST,0x43fa21d92141ba9db43052492e0deee5aa5f0a93,optimism,108640937,Semenov,44718,Digital Currency Address - ETH
CU-ACT-2661,2023-08-24,BLACKLIST,0x6be0ae71e6c41f2f9d0d1a3b8d0f75e6f6a0b46e,optimism,108640945,Semenov,44718,Digital Currency Address - ETH
CU-ACT-2662,2023-09-27,BLACKLIST,0x9c2bc757b66f24d60f016b6237f8cdd414a879fa,optimism,110108480,Jimenez Castro,44029,Digital Currency Address - ETH
CU-ACT-2663,2023-10-04,BLACKLIST,0x530a64c0ce595026a4a556b703644228179e2d57,optimism,110393529,Shen,45312,Digital Currency Address - ETH
CU-ACT-2666,2023-10-04,BLACKLIST,0xfac583c0cf07ea434052c49115a4682172ab6b4f,optimism,110393560,Wang,45404,Digital Currency Address - USDT
CU-ACT-2667,2023-10-04,BLACKLIST,0x961c5be54a2ffc17cf4cb021d863c42dacd47fc1,optimism,110393669,Zhang,45391,Digital Currency Address - ETH
CU-ACT-2670,2023-10-04,BLACKLIST,0x983a81ca6fb1e441266d2fbcb7d8e530ac2e05a2,optimism,110393724,"Valerian Labs, Inc.",45314,Digital Currency Address - ETH
CU-ACT-2672,2024-02-21,BLACKLIST,0xf3701f445b6bdafedbca97d1e477357839e4120d,optimism,116460038,Kondratiev,47682,Digital Currency Address - ETH
CU-ACT-2676,2024-03-27,BLACKLIST,0x175d44451403edf28469df03a9280c1197adb92c,optimism,117990787,Gaza Now,47635,Digital Currency Address - USDT
CU-ACT-2678,2024-03-27,BLACKLIST,0xe950dc316b836e4eefb8308bf32bf7c72a1358ff,optimism,117990843,Gaza Now,47635,Digital Currency Address - ETH
CU-ACT-2681,2024-03-27,BLACKLIST,0x21b8d56bda776bbe68655a16895afd96f5534fed,optimism,117990933,Gaza Now,47635,Digital Currency Address - ETH
CU-ACT-2683,2024-05-02,BLACKLIST,0x19f8f2b0915daa12a3f5c9cf01df9e24d53794f7,optimism,119541167,OKO DESIGN BUREAU,48432,Digital Currency Address - ETH
CU-ACT-2685,2024-05-29,BLACKLIST,0xe1d865c3d669dcc8c57c8d023140cb204e672ee4,optimism,120674560,Wang,43421,Digital Currency Address - ETH
CU-ACT-2688,2024-09-27,BLACKLIST,0x0931ca4d13bb4ba75d9b7132ab690265d749a5e7,optimism,125903689,Cryptex,50641,Digital Currency Address - ETH
CU-ACT-2691,2024-12-05,BLACKLIST,0x1999ef52700c34de7ec2b68a28aafb37db0c5ade,optimism,128889458,Magomedov,52071,Digital Currency Address - ETH
CU-ACT-2798,2025-05-29,BLACKLIST,0xd5ed34b52ac4ab84d8fa8a231a3218bbf01ed510,optimism,136475499,Funnull Technology Inc,53953,Digital Currency Address - ETH
CU-ACT-2808,2025-08-14,BLACKLIST,0x12de548f79a50d2bd05481c8515c1ef5183666a9,optimism,139805023,Old Vector LLC,55046,Digital Currency Address - ETH
CU-ACT-2810,2025-08-14,BLACKLIST,0x8dce2aac0de82bdcaf6b4373b79f94331b8e4995,optimism,139805025,GARANTEX EUROPE OU,36025,Digital Currency Address - ETH
CU-ACT-2811,2025-08-14,BLACKLIST,0xf4377eda661e04b6dda78969796ed31658d602d4,optimism,139805026,GARANTEX EUROPE OU,36025,Digital Currency Address - ETH
CU-ACT-2812,2025-08-14,BLACKLIST,0xb338962b92cd818d6aef0a32a9ecd01212a71f33,optimism,139805027,GARANTEX EUROPE OU,36025,Digital Currency Address - ETH
CU-ACT-2813,2025-08-14,BLACKLIST,0x57ec89a0c056163a0314e413320f9b3abe761259,optimism,139805028,GARANTEX EUROPE OU,36025,Digital Currency Address - ETH
CU-ACT-2814,2025-08-14,BLACKLIST,0xd8500c631dc32fa18645b7436344a99e4825e10e,optimism,139805029,GARANTEX EUROPE OU,36025,Digital Currency Address - ETH
CU-ACT-2815,2025-08-14,BLACKLIST,0x7ced75026204ac29c34bea98905d4c949f27361e,optimism,139805030,GARANTEX EUROPE OU,36025,Digital Currency Address - ETH
CU-ACT-2821,2025-09-16,BLACKLIST,0xe3d35f68383732649669aa990832e017340dbca5,optimism,141219771,ALIVAND,55502,Digital Currency Address - ETH
CU-ACT-2823,2025-09-16,BLACKLIST,0x532b77b33a040587e9fd1800088225f99b8b0e8a,optimism,141219825,ALIVAND,55502,Digital Currency Address - ETH
CU-ACT-2825,2025-09-16,BLACKLIST,0xdb2720ebad55399117ddb4c4a4afd9a4ccada8fe,optimism,141219905,DERAKHSHAN,55484,Digital Currency Address - ETH
CU-ACT-2886,2025-11-19,BLACKLIST,0x5d5b5dafecbf31bdb08bfd3edad4f2694372d0ef,optimism,143987979,Sokolovski,56360,Digital Currency Address - ETH
CU-ACT-2887,2025-11-19,BLACKLIST,0xe1e4c5e5ed8f03ae61b581e2def126025f2b9401,optimism,143988032,Sokolovski,56360,Digital Currency Address - ETH
CU-ACT-2889,2025-11-19,BLACKLIST,0xc103b7dc095c904b92081eef0c1640081ec01c10,optimism,143988281,Sokolovski,56360,Digital Currency Address - ETH
CU-ACT-2902,2026-03-12,BLACKLIST,0xb637f84b66876ebf609c2a4208905f9ddac9d075,optimism,148868642,Yun,57034,Digital Currency Address - ETH
CU-ACT-2903,2026-03-12,BLACKLIST,0x95584c303fcd48af5c6b9873015f2ad0ca84eae3,optimism,148868663,Yun,57034,Digital Currency Address - ETH
CU-ACT-2904,2026-03-12,BLACKLIST,0xcb74874f1e06fcf80a306e06e5379a44b488ba2d,optimism,148868952,AMNOKGANG TECHNOLOGY DEVELOPMENT COMPANY,57056,Digital Currency Address - ETH
CU-ACT-2905,2026-03-12,BLACKLIST,0x0330070fd38ec3bb94f58fa55d40368271e9e54a,optimism,148868979,AMNOKGANG TECHNOLOGY DEVELOPMENT COMPANY,57056,Digital Currency Address - ETH
CU-ACT-2906,2026-03-12,BLACKLIST,0x4f47bc496083c727c5fbe3ce9cdf2b0f6496270c,optimism,148869011,Sim,42498,Digital Currency Address - ETH
CU-ACT-2907,2026-03-12,BLACKLIST,0xd04e33461fea8302c5e1e13895b60cee8aefda7f,optimism,148869081,Sim,42498,Digital Currency Address - ETH
CU-ACT-2908,2026-03-12,BLACKLIST,0x9be599d7867f5e1a2d7ec6db9710df2b98a15573,optimism,148869092,AMNOKGANG TECHNOLOGY DEVELOPMENT COMPANY,57056,Digital Currency Address - ETH
CU-ACT-2909,2026-03-12,BLACKLIST,0x76ea76ca4eb727f18956ab93445a94c5280412b9,optimism,148869109,Sim,42498,Digital Currency Address - ETH
CU-ACT-2910,2026-03-12,BLACKLIST,0xfb3eff152ea55d1bfa04dbdd509a80fd7b72cdeb,optimism,148869174,Sim,42498,Digital Currency Address - ETH
CU-ACT-2911,2026-03-12,BLACKLIST,0x747afb5c7a7fc34b547cd0fdebf9b91759c5a52b,optimism,148869288,Sim,42498,Digital Currency Address - ETH
CU-ACT-2912,2026-03-12,BLACKLIST,0xfda1ec4a6178d4916b001a065422d31ebe5f62ff,optimism,148869297,Sim,42498,Digital Currency Address - ETH
